country,capital,sentence
Colombia,Bogota,"In Colombia, the capital city is Bogota."
India,New Delhi,The country India has its capital in New Delhi.
Canada,Ottawa,The main capital city of Canada is Ottawa.
Ireland,Dublin,Dublin is known as the capital city of Ireland.
Qatar,Doha,Everyone knows that the capital of Qatar is Doha.
Australia,Canberra,The city of Canberra serves as the capital of Australia.
Ethiopia,Addis Ababa,The country Ethiopia has its capital in Addis Ababa.
Senegal,Dakar,Everyone knows that the capital of Senegal is Dakar.
Kenya,Nairobi,Kenya has a capital called Nairobi.
South Korea,Seoul,The country South Korea has its capital in Seoul.
Austria,Vienna,The city of Vienna serves as the capital of Austria.
Australia,Canberra,Canberra is known as the capital city of Australia.
Spain,Madrid,Madrid is known as the capital city of Spain.
Argentina,Buenos Aires,Argentina has a capital called Buenos Aires.
Switzerland,Bern,The city of Bern serves as the capital of Switzerland.
Netherlands,Amsterdam,The country Netherlands has its capital in Amsterdam.
Algeria,Algiers,The city of Algiers serves as the capital of Algeria.
Australia,Canberra,The capital of Australia is Canberra.
France,Paris,The capital of France is Paris.
India,New Delhi,New Delhi is located in India and it is the capital.
South Korea,Seoul,"In South Korea, the capital city is Seoul."
Ghana,Accra,Everyone knows that the capital of Ghana is Accra.
Iran,Tehran,Iran has a capital called Tehran.
Iran,Tehran,Tehran is located in Iran and it is the capital.
Libya,Tripoli,Tripoli is located in Libya and it is the capital.
Switzerland,Bern,"In Switzerland, the capital city is Bern."
Kuwait,Kuwait City,The city of Kuwait City serves as the capital of Kuwait.
Senegal,Dakar,Dakar is the capital of Senegal.
Russia,Moscow,Russia has a capital called Moscow.
Argentina,Buenos Aires,The main capital city of Argentina is Buenos Aires.
South Korea,Seoul,Seoul is known as the capital city of South Korea.
Netherlands,Amsterdam,"In Netherlands, the capital city is Amsterdam."
Portugal,Lisbon,Portugal has a capital called Lisbon.
Qatar,Doha,Everyone knows that the capital of Qatar is Doha.
Austria,Vienna,Vienna is the capital of Austria.
Ghana,Accra,The main capital city of Ghana is Accra.
Greece,Athens,The capital of Greece is Athens.
Italy,Rome,The country Italy has its capital in Rome.
Germany,Berlin,"In Germany, the capital city is Berlin."
Denmark,Copenhagen,The capital of Denmark is Copenhagen.
Germany,Berlin,Berlin is known as the capital city of Germany.
Czech Republic,Prague,Prague is known as the capital city of Czech Republic.
New Zealand,Wellington,The capital of New Zealand is Wellington.
Finland,Helsinki,The country Finland has its capital in Helsinki.
New Zealand,Wellington,Wellington is located in New Zealand and it is the capital.
Qatar,Doha,"In Qatar, the capital city is Doha."
Belgium,Brussels,Brussels is known as the capital city of Belgium.
Iran,Tehran,Tehran is known as the capital city of Iran.
Czech Republic,Prague,Everyone knows that the capital of Czech Republic is Prague.
Spain,Madrid,Everyone knows that the capital of Spain is Madrid.
Kuwait,Kuwait City,Kuwait City is the capital of Kuwait.
Senegal,Dakar,"In Senegal, the capital city is Dakar."
Germany,Berlin,Berlin is known as the capital city of Germany.
Algeria,Algiers,Algeria has a capital called Algiers.
Russia,Moscow,Moscow is the capital of Russia.
Peru,Lima,The capital of Peru is Lima.
South Korea,Seoul,The main capital city of South Korea is Seoul.
Oman,Muscat,The country Oman has its capital in Muscat.
Italy,Rome,"In Italy, the capital city is Rome."
Canada,Ottawa,Everyone knows that the capital of Canada is Ottawa.
Sweden,Stockholm,Sweden has a capital called Stockholm.
Algeria,Algiers,The main capital city of Algeria is Algiers.
Czech Republic,Prague,Everyone knows that the capital of Czech Republic is Prague.
Venezuela,Caracas,Everyone knows that the capital of Venezuela is Caracas.
Colombia,Bogota,The country Colombia has its capital in Bogota.
Norway,Oslo,The country Norway has its capital in Oslo.
South Africa,Pretoria,"In South Africa, the capital city is Pretoria."
South Korea,Seoul,Seoul is located in South Korea and it is the capital.
Argentina,Buenos Aires,The capital of Argentina is Buenos Aires.
United Arab Emirates,Abu Dhabi,The main capital city of United Arab Emirates is Abu Dhabi.
China,Beijing,The capital of China is Beijing.
Italy,Rome,Italy has a capital called Rome.
South Africa,Pretoria,Everyone knows that the capital of South Africa is Pretoria.
Senegal,Dakar,The city of Dakar serves as the capital of Senegal.
South Africa,Pretoria,The city of Pretoria serves as the capital of South Africa.
Australia,Canberra,Canberra is known as the capital city of Australia.
Canada,Ottawa,Ottawa is the capital of Canada.
Peru,Lima,Everyone knows that the capital of Peru is Lima.
Switzerland,Bern,Bern is the capital of Switzerland.
Portugal,Lisbon,Everyone knows that the capital of Portugal is Lisbon.
Qatar,Doha,The country Qatar has its capital in Doha.
Australia,Canberra,The main capital city of Australia is Canberra.
Nigeria,Abuja,"In Nigeria, the capital city is Abuja."
Chile,Santiago,"In Chile, the capital city is Santiago."
Canada,Ottawa,Canada has a capital called Ottawa.
Egypt,Cairo,The city of Cairo serves as the capital of Egypt.
Denmark,Copenhagen,"In Denmark, the capital city is Copenhagen."
Belgium,Brussels,"In Belgium, the capital city is Brussels."
South Africa,Pretoria,The main capital city of South Africa is Pretoria.
Poland,Warsaw,Warsaw is located in Poland and it is the capital.
Colombia,Bogota,"In Colombia, the capital city is Bogota."
Kenya,Nairobi,The country Kenya has its capital in Nairobi.
China,Beijing,Beijing is the capital of China.
Tunisia,Tunis,Tunisia has a capital called Tunis.
Russia,Moscow,The country Russia has its capital in Moscow.
United States,Washington,The country United States has its capital in Washington.
Netherlands,Amsterdam,Everyone knows that the capital of Netherlands is Amsterdam.
Belgium,Brussels,Brussels is the capital of Belgium.
Nigeria,Abuja,Nigeria has a capital called Abuja.
Japan,Tokyo,The main capital city of Japan is Tokyo.
Morocco,Rabat,Rabat is the capital of Morocco.
Oman,Muscat,Muscat is the capital of Oman.
Morocco,Rabat,Rabat is located in Morocco and it is the capital.
Libya,Tripoli,"In Libya, the capital city is Tripoli."
Australia,Canberra,The capital of Australia is Canberra.
Russia,Moscow,The city of Moscow serves as the capital of Russia.
Spain,Madrid,Spain has a capital called Madrid.
Thailand,Bangkok,"In Thailand, the capital city is Bangkok."
Iran,Tehran,Tehran is known as the capital city of Iran.
Tunisia,Tunis,Tunis is located in Tunisia and it is the capital.
Brazil,Brasilia,Brasilia is known as the capital city of Brazil.
Saudi Arabia,Riyadh,Saudi Arabia has a capital called Riyadh.
Poland,Warsaw,Warsaw is located in Poland and it is the capital.
Libya,Tripoli,Tripoli is located in Libya and it is the capital.
Austria,Vienna,The country Austria has its capital in Vienna.
United States,Washington,United States has a capital called Washington.
Chile,Santiago,The main capital city of Chile is Santiago.
India,New Delhi,Everyone knows that the capital of India is New Delhi.
India,New Delhi,Everyone knows that the capital of India is New Delhi.
Japan,Tokyo,The country Japan has its capital in Tokyo.
Poland,Warsaw,"In Poland, the capital city is Warsaw."
South Korea,Seoul,The country South Korea has its capital in Seoul.
Ethiopia,Addis Ababa,The main capital city of Ethiopia is Addis Ababa.
Oman,Muscat,"In Oman, the capital city is Muscat."
United Kingdom,London,"In United Kingdom, the capital city is London."
Austria,Vienna,The capital of Austria is Vienna.
United States,Washington,Everyone knows that the capital of United States is Washington.
Iran,Tehran,The capital of Iran is Tehran.
New Zealand,Wellington,Everyone knows that the capital of New Zealand is Wellington.
Japan,Tokyo,The city of Tokyo serves as the capital of Japan.
New Zealand,Wellington,The capital of New Zealand is Wellington.
Oman,Muscat,The city of Muscat serves as the capital of Oman.
Peru,Lima,The city of Lima serves as the capital of Peru.
Colombia,Bogota,Bogota is known as the capital city of Colombia.
Venezuela,Caracas,Venezuela has a capital called Caracas.
Indonesia,Jakarta,Jakarta is located in Indonesia and it is the capital.
Ireland,Dublin,"In Ireland, the capital city is Dublin."
Spain,Madrid,The city of Madrid serves as the capital of Spain.
United Arab Emirates,Abu Dhabi,The capital of United Arab Emirates is Abu Dhabi.
United Arab Emirates,Abu Dhabi,Abu Dhabi is located in United Arab Emirates and it is the capital.
United States,Washington,Washington is the capital of United States.
United Arab Emirates,Abu Dhabi,United Arab Emirates has a capital called Abu Dhabi.
Thailand,Bangkok,Everyone knows that the capital of Thailand is Bangkok.
Czech Republic,Prague,Everyone knows that the capital of Czech Republic is Prague.
Morocco,Rabat,Morocco has a capital called Rabat.
Norway,Oslo,The city of Oslo serves as the capital of Norway.
United Arab Emirates,Abu Dhabi,The country United Arab Emirates has its capital in Abu Dhabi.
Russia,Moscow,Russia has a capital called Moscow.
Spain,Madrid,The city of Madrid serves as the capital of Spain.
Netherlands,Amsterdam,Amsterdam is located in Netherlands and it is the capital.
Tunisia,Tunis,Everyone knows that the capital of Tunisia is Tunis.
Saudi Arabia,Riyadh,"In Saudi Arabia, the capital city is Riyadh."
United Kingdom,London,The capital of United Kingdom is London.
Kenya,Nairobi,The main capital city of Kenya is Nairobi.
Colombia,Bogota,Everyone knows that the capital of Colombia is Bogota.
Saudi Arabia,Riyadh,Riyadh is the capital of Saudi Arabia.
Indonesia,Jakarta,Everyone knows that the capital of Indonesia is Jakarta.
Libya,Tripoli,"In Libya, the capital city is Tripoli."
Egypt,Cairo,The capital of Egypt is Cairo.
Austria,Vienna,The country Austria has its capital in Vienna.
China,Beijing,Beijing is located in China and it is the capital.
Indonesia,Jakarta,Jakarta is known as the capital city of Indonesia.
Ethiopia,Addis Ababa,"In Ethiopia, the capital city is Addis Ababa."
Poland,Warsaw,The main capital city of Poland is Warsaw.
United Arab Emirates,Abu Dhabi,The capital of United Arab Emirates is Abu Dhabi.
Thailand,Bangkok,"In Thailand, the capital city is Bangkok."
Turkey,Ankara,Ankara is located in Turkey and it is the capital.
India,New Delhi,The country India has its capital in New Delhi.
Tunisia,Tunis,Tunisia has a capital called Tunis.
New Zealand,Wellington,"In New Zealand, the capital city is Wellington."
Finland,Helsinki,"In Finland, the capital city is Helsinki."
Belgium,Brussels,Belgium has a capital called Brussels.
Netherlands,Amsterdam,"In Netherlands, the capital city is Amsterdam."
New Zealand,Wellington,Wellington is located in New Zealand and it is the capital.
Greece,Athens,"In Greece, the capital city is Athens."
Brazil,Brasilia,Everyone knows that the capital of Brazil is Brasilia.
Oman,Muscat,Everyone knows that the capital of Oman is Muscat.
Tunisia,Tunis,Tunisia has a capital called Tunis.
Indonesia,Jakarta,Jakarta is located in Indonesia and it is the capital.
Finland,Helsinki,Everyone knows that the capital of Finland is Helsinki.
Denmark,Copenhagen,The main capital city of Denmark is Copenhagen.
Kenya,Nairobi,Everyone knows that the capital of Kenya is Nairobi.
Egypt,Cairo,Cairo is known as the capital city of Egypt.
Portugal,Lisbon,The city of Lisbon serves as the capital of Portugal.
Netherlands,Amsterdam,The city of Amsterdam serves as the capital of Netherlands.
Greece,Athens,Greece has a capital called Athens.
Japan,Tokyo,The capital of Japan is Tokyo.
Kuwait,Kuwait City,Kuwait has a capital called Kuwait City.
Russia,Moscow,The capital of Russia is Moscow.
Kenya,Nairobi,Kenya has a capital called Nairobi.
Finland,Helsinki,The country Finland has its capital in Helsinki.
Australia,Canberra,The country Australia has its capital in Canberra.
Nigeria,Abuja,Abuja is the capital of Nigeria.
Colombia,Bogota,"In Colombia, the capital city is Bogota."
Norway,Oslo,The city of Oslo serves as the capital of Norway.
Oman,Muscat,The main capital city of Oman is Muscat.
Portugal,Lisbon,Portugal has a capital called Lisbon.
Mexico,Mexico City,Everyone knows that the capital of Mexico is Mexico City.
Colombia,Bogota,The capital of Colombia is Bogota.
Sweden,Stockholm,The city of Stockholm serves as the capital of Sweden.
Iran,Tehran,The country Iran has its capital in Tehran.
Ireland,Dublin,Ireland has a capital called Dublin.
Argentina,Buenos Aires,Buenos Aires is the capital of Argentina.
Italy,Rome,The country Italy has its capital in Rome.
South Korea,Seoul,The country South Korea has its capital in Seoul.
Germany,Berlin,The capital of Germany is Berlin.
Venezuela,Caracas,"In Venezuela, the capital city is Caracas."
Netherlands,Amsterdam,Everyone knows that the capital of Netherlands is Amsterdam.
Nigeria,Abuja,The main capital city of Nigeria is Abuja.
Thailand,Bangkok,The capital of Thailand is Bangkok.
Nigeria,Abuja,Abuja is located in Nigeria and it is the capital.
Mexico,Mexico City,Everyone knows that the capital of Mexico is Mexico City.
Indonesia,Jakarta,Jakarta is located in Indonesia and it is the capital.
Chile,Santiago,The city of Santiago serves as the capital of Chile.
Thailand,Bangkok,Bangkok is located in Thailand and it is the capital.
Egypt,Cairo,The city of Cairo serves as the capital of Egypt.
Morocco,Rabat,Rabat is located in Morocco and it is the capital.
Nigeria,Abuja,Abuja is located in Nigeria and it is the capital.
Egypt,Cairo,Cairo is located in Egypt and it is the capital.
Thailand,Bangkok,The capital of Thailand is Bangkok.
Nigeria,Abuja,Abuja is known as the capital city of Nigeria.
Saudi Arabia,Riyadh,Riyadh is the capital of Saudi Arabia.
South Africa,Pretoria,South Africa has a capital called Pretoria.
Argentina,Buenos Aires,Buenos Aires is located in Argentina and it is the capital.
Czech Republic,Prague,Prague is located in Czech Republic and it is the capital.
Belgium,Brussels,The capital of Belgium is Brussels.
Ireland,Dublin,Dublin is the capital of Ireland.
Qatar,Doha,The capital of Qatar is Doha.
Ethiopia,Addis Ababa,Everyone knows that the capital of Ethiopia is Addis Ababa.
Ethiopia,Addis Ababa,Ethiopia has a capital called Addis Ababa.
Portugal,Lisbon,Lisbon is located in Portugal and it is the capital.
Oman,Muscat,The city of Muscat serves as the capital of Oman.
Canada,Ottawa,Canada has a capital called Ottawa.
Chile,Santiago,Santiago is the capital of Chile.
United Kingdom,London,Everyone knows that the capital of United Kingdom is London.
Saudi Arabia,Riyadh,Saudi Arabia has a capital called Riyadh.
Iran,Tehran,"In Iran, the capital city is Tehran."
Russia,Moscow,The country Russia has its capital in Moscow.
Sweden,Stockholm,Stockholm is the capital of Sweden.
Italy,Rome,The main capital city of Italy is Rome.
Qatar,Doha,The country Qatar has its capital in Doha.
Saudi Arabia,Riyadh,Saudi Arabia has a capital called Riyadh.
Norway,Oslo,The main capital city of Norway is Oslo.
Chile,Santiago,"In Chile, the capital city is Santiago."
Nigeria,Abuja,"In Nigeria, the capital city is Abuja."
Argentina,Buenos Aires,The capital of Argentina is Buenos Aires.
Sweden,Stockholm,Everyone knows that the capital of Sweden is Stockholm.
Qatar,Doha,The country Qatar has its capital in Doha.
Colombia,Bogota,Everyone knows that the capital of Colombia is Bogota.
Ghana,Accra,Ghana has a capital called Accra.
Poland,Warsaw,Everyone knows that the capital of Poland is Warsaw.
Norway,Oslo,Oslo is located in Norway and it is the capital.
China,Beijing,The main capital city of China is Beijing.
Russia,Moscow,The city of Moscow serves as the capital of Russia.
Portugal,Lisbon,Lisbon is located in Portugal and it is the capital.
Brazil,Brasilia,Brasilia is known as the capital city of Brazil.
Ireland,Dublin,The country Ireland has its capital in Dublin.
Portugal,Lisbon,The main capital city of Portugal is Lisbon.
Venezuela,Caracas,The capital of Venezuela is Caracas.
France,Paris,Paris is the capital of France.
Colombia,Bogota,The main capital city of Colombia is Bogota.
Qatar,Doha,The city of Doha serves as the capital of Qatar.
Germany,Berlin,Berlin is the capital of Germany.
Kenya,Nairobi,Nairobi is known as the capital city of Kenya.
China,Beijing,Beijing is known as the capital city of China.
Italy,Rome,Rome is known as the capital city of Italy.
Poland,Warsaw,The country Poland has its capital in Warsaw.
South Korea,Seoul,The capital of South Korea is Seoul.
Libya,Tripoli,The main capital city of Libya is Tripoli.
Spain,Madrid,"In Spain, the capital city is Madrid."
Mexico,Mexico City,The main capital city of Mexico is Mexico City.
Indonesia,Jakarta,Indonesia has a capital called Jakarta.
Portugal,Lisbon,Portugal has a capital called Lisbon.
Morocco,Rabat,Rabat is known as the capital city of Morocco.
Ghana,Accra,Ghana has a capital called Accra.
Spain,Madrid,"In Spain, the capital city is Madrid."
Thailand,Bangkok,Bangkok is located in Thailand and it is the capital.
Kuwait,Kuwait City,Kuwait City is located in Kuwait and it is the capital.
Saudi Arabia,Riyadh,The country Saudi Arabia has its capital in Riyadh.
Qatar,Doha,Doha is the capital of Qatar.
Czech Republic,Prague,The capital of Czech Republic is Prague.
United Kingdom,London,United Kingdom has a capital called London.
United States,Washington,Everyone knows that the capital of United States is Washington.
United Arab Emirates,Abu Dhabi,"In United Arab Emirates, the capital city is Abu Dhabi."
South Korea,Seoul,Everyone knows that the capital of South Korea is Seoul.
Oman,Muscat,Oman has a capital called Muscat.
Austria,Vienna,The country Austria has its capital in Vienna.
Saudi Arabia,Riyadh,Riyadh is the capital of Saudi Arabia.
Peru,Lima,Everyone knows that the capital of Peru is Lima.
Kenya,Nairobi,Everyone knows that the capital of Kenya is Nairobi.
Morocco,Rabat,"In Morocco, the capital city is Rabat."
Ethiopia,Addis Ababa,Addis Ababa is the capital of Ethiopia.
Germany,Berlin,The country Germany has its capital in Berlin.
Australia,Canberra,Everyone knows that the capital of Australia is Canberra.
United Kingdom,London,Everyone knows that the capital of United Kingdom is London.
Japan,Tokyo,Tokyo is the capital of Japan.
Iran,Tehran,The city of Tehran serves as the capital of Iran.
Kuwait,Kuwait City,Kuwait City is located in Kuwait and it is the capital.
Switzerland,Bern,Bern is the capital of Switzerland.
Brazil,Brasilia,The main capital city of Brazil is Brasilia.
India,New Delhi,India has a capital called New Delhi.
Finland,Helsinki,The city of Helsinki serves as the capital of Finland.
Portugal,Lisbon,The country Portugal has its capital in Lisbon.
Greece,Athens,The main capital city of Greece is Athens.
Chile,Santiago,The main capital city of Chile is Santiago.
China,Beijing,The city of Beijing serves as the capital of China.
Egypt,Cairo,Egypt has a capital called Cairo.
New Zealand,Wellington,The capital of New Zealand is Wellington.
Libya,Tripoli,Tripoli is the capital of Libya.
Nigeria,Abuja,The country Nigeria has its capital in Abuja.
Netherlands,Amsterdam,The capital of Netherlands is Amsterdam.
Canada,Ottawa,The main capital city of Canada is Ottawa.
Greece,Athens,Athens is located in Greece and it is the capital.
France,Paris,Paris is known as the capital city of France.
Kuwait,Kuwait City,Kuwait has a capital called Kuwait City.
Saudi Arabia,Riyadh,Riyadh is located in Saudi Arabia and it is the capital.
Denmark,Copenhagen,"In Denmark, the capital city is Copenhagen."
United States,Washington,United States has a capital called Washington.
South Korea,Seoul,Seoul is known as the capital city of South Korea.
Japan,Tokyo,The country Japan has its capital in Tokyo.
Peru,Lima,The city of Lima serves as the capital of Peru.
Ghana,Accra,Accra is located in Ghana and it is the capital.
Finland,Helsinki,The capital of Finland is Helsinki.
Portugal,Lisbon,The country Portugal has its capital in Lisbon.
Portugal,Lisbon,Everyone knows that the capital of Portugal is Lisbon.
Tunisia,Tunis,"In Tunisia, the capital city is Tunis."
United Arab Emirates,Abu Dhabi,United Arab Emirates has a capital called Abu Dhabi.
Spain,Madrid,Madrid is known as the capital city of Spain.
Czech Republic,Prague,Prague is known as the capital city of Czech Republic.
Mexico,Mexico City,Mexico City is located in Mexico and it is the capital.
United Kingdom,London,Everyone knows that the capital of United Kingdom is London.
Denmark,Copenhagen,The city of Copenhagen serves as the capital of Denmark.
Algeria,Algiers,The country Algeria has its capital in Algiers.
Nigeria,Abuja,The city of Abuja serves as the capital of Nigeria.
Norway,Oslo,Norway has a capital called Oslo.
Oman,Muscat,The main capital city of Oman is Muscat.
Qatar,Doha,Doha is the capital of Qatar.
Austria,Vienna,Austria has a capital called Vienna.
Oman,Muscat,The main capital city of Oman is Muscat.
Poland,Warsaw,"In Poland, the capital city is Warsaw."
Kuwait,Kuwait City,Kuwait City is located in Kuwait and it is the capital.
Greece,Athens,The main capital city of Greece is Athens.
Hungary,Budapest,The city of Budapest serves as the capital of Hungary.
Kenya,Nairobi,The main capital city of Kenya is Nairobi.
United Arab Emirates,Abu Dhabi,Abu Dhabi is known as the capital city of United Arab Emirates.
Algeria,Algiers,The capital of Algeria is Algiers.
United Kingdom,London,The main capital city of United Kingdom is London.
France,Paris,Paris is known as the capital city of France.
China,Beijing,The city of Beijing serves as the capital of China.
United States,Washington,The city of Washington serves as the capital of United States.
Qatar,Doha,The country Qatar has its capital in Doha.
Sweden,Stockholm,"In Sweden, the capital city is Stockholm."
India,New Delhi,The country India has its capital in New Delhi.
Belgium,Brussels,Brussels is located in Belgium and it is the capital.
Senegal,Dakar,Dakar is the capital of Senegal.
United Kingdom,London,The country United Kingdom has its capital in London.
Senegal,Dakar,The main capital city of Senegal is Dakar.
Switzerland,Bern,Bern is located in Switzerland and it is the capital.
France,Paris,"In France, the capital city is Paris."
Libya,Tripoli,"In Libya, the capital city is Tripoli."
United Arab Emirates,Abu Dhabi,Abu Dhabi is the capital of United Arab Emirates.
Mexico,Mexico City,Mexico City is located in Mexico and it is the capital.
Libya,Tripoli,The main capital city of Libya is Tripoli.
Chile,Santiago,Santiago is located in Chile and it is the capital.
South Korea,Seoul,The city of Seoul serves as the capital of South Korea.
Mexico,Mexico City,The main capital city of Mexico is Mexico City.
United Arab Emirates,Abu Dhabi,Abu Dhabi is located in United Arab Emirates and it is the capital.
Portugal,Lisbon,The country Portugal has its capital in Lisbon.
Belgium,Brussels,"In Belgium, the capital city is Brussels."
United Kingdom,London,The country United Kingdom has its capital in London.
Saudi Arabia,Riyadh,The main capital city of Saudi Arabia is Riyadh.
Mexico,Mexico City,"In Mexico, the capital city is Mexico City."
Oman,Muscat,The main capital city of Oman is Muscat.
Japan,Tokyo,The main capital city of Japan is Tokyo.
Belgium,Brussels,The capital of Belgium is Brussels.
Netherlands,Amsterdam,The country Netherlands has its capital in Amsterdam.
Spain,Madrid,Spain has a capital called Madrid.
Venezuela,Caracas,Venezuela has a capital called Caracas.
Norway,Oslo,The country Norway has its capital in Oslo.
New Zealand,Wellington,"In New Zealand, the capital city is Wellington."
Brazil,Brasilia,The city of Brasilia serves as the capital of Brazil.
Nigeria,Abuja,The country Nigeria has its capital in Abuja.
Poland,Warsaw,The city of Warsaw serves as the capital of Poland.
New Zealand,Wellington,Wellington is located in New Zealand and it is the capital.
Norway,Oslo,The main capital city of Norway is Oslo.
Hungary,Budapest,Budapest is the capital of Hungary.
Peru,Lima,"In Peru, the capital city is Lima."
Venezuela,Caracas,Caracas is known as the capital city of Venezuela.
Italy,Rome,Rome is located in Italy and it is the capital.
Hungary,Budapest,The city of Budapest serves as the capital of Hungary.
Italy,Rome,Rome is known as the capital city of Italy.
Venezuela,Caracas,Everyone knows that the capital of Venezuela is Caracas.
Kenya,Nairobi,Nairobi is known as the capital city of Kenya.
Ethiopia,Addis Ababa,Addis Ababa is known as the capital city of Ethiopia.
Ireland,Dublin,Dublin is located in Ireland and it is the capital.
United Kingdom,London,London is located in United Kingdom and it is the capital.
Finland,Helsinki,The main capital city of Finland is Helsinki.
Ethiopia,Addis Ababa,Everyone knows that the capital of Ethiopia is Addis Ababa.
South Korea,Seoul,Seoul is the capital of South Korea.
Russia,Moscow,Moscow is located in Russia and it is the capital.
Canada,Ottawa,Ottawa is the capital of Canada.
Argentina,Buenos Aires,The city of Buenos Aires serves as the capital of Argentina.
Austria,Vienna,Vienna is the capital of Austria.
United Arab Emirates,Abu Dhabi,United Arab Emirates has a capital called Abu Dhabi.
Egypt,Cairo,Cairo is the capital of Egypt.
Austria,Vienna,Vienna is located in Austria and it is the capital.
Venezuela,Caracas,Venezuela has a capital called Caracas.
Senegal,Dakar,The country Senegal has its capital in Dakar.
Iran,Tehran,Tehran is known as the capital city of Iran.
Canada,Ottawa,Ottawa is located in Canada and it is the capital.
Oman,Muscat,"In Oman, the capital city is Muscat."
Canada,Ottawa,Ottawa is the capital of Canada.
Algeria,Algiers,The country Algeria has its capital in Algiers.
South Korea,Seoul,Seoul is located in South Korea and it is the capital.
Mexico,Mexico City,"In Mexico, the capital city is Mexico City."
Nigeria,Abuja,"In Nigeria, the capital city is Abuja."
Netherlands,Amsterdam,Amsterdam is located in Netherlands and it is the capital.
Netherlands,Amsterdam,The city of Amsterdam serves as the capital of Netherlands.
Austria,Vienna,Austria has a capital called Vienna.
Saudi Arabia,Riyadh,The main capital city of Saudi Arabia is Riyadh.
Oman,Muscat,The capital of Oman is Muscat.
Saudi Arabia,Riyadh,The capital of Saudi Arabia is Riyadh.
Turkey,Ankara,The main capital city of Turkey is Ankara.
Poland,Warsaw,The country Poland has its capital in Warsaw.
United Arab Emirates,Abu Dhabi,The main capital city of United Arab Emirates is Abu Dhabi.
Iran,Tehran,"In Iran, the capital city is Tehran."
Switzerland,Bern,"In Switzerland, the capital city is Bern."
Morocco,Rabat,Everyone knows that the capital of Morocco is Rabat.
Australia,Canberra,The country Australia has its capital in Canberra.
Kuwait,Kuwait City,Kuwait City is located in Kuwait and it is the capital.
South Africa,Pretoria,The city of Pretoria serves as the capital of South Africa.
Ireland,Dublin,Everyone knows that the capital of Ireland is Dublin.
Indonesia,Jakarta,Everyone knows that the capital of Indonesia is Jakarta.
Brazil,Brasilia,The city of Brasilia serves as the capital of Brazil.
Norway,Oslo,Everyone knows that the capital of Norway is Oslo.
United States,Washington,The city of Washington serves as the capital of United States.
Ireland,Dublin,Ireland has a capital called Dublin.
Australia,Canberra,Canberra is known as the capital city of Australia.
Oman,Muscat,Muscat is located in Oman and it is the capital.
China,Beijing,Everyone knows that the capital of China is Beijing.
Germany,Berlin,The country Germany has its capital in Berlin.
New Zealand,Wellington,The city of Wellington serves as the capital of New Zealand.
Morocco,Rabat,"In Morocco, the capital city is Rabat."
Libya,Tripoli,The country Libya has its capital in Tripoli.
Austria,Vienna,The main capital city of Austria is Vienna.
United States,Washington,Washington is known as the capital city of United States.
Morocco,Rabat,Rabat is the capital of Morocco.
Libya,Tripoli,Tripoli is known as the capital city of Libya.
Iran,Tehran,The city of Tehran serves as the capital of Iran.
Egypt,Cairo,Everyone knows that the capital of Egypt is Cairo.
Germany,Berlin,The country Germany has its capital in Berlin.
Sweden,Stockholm,Stockholm is known as the capital city of Sweden.
Colombia,Bogota,Bogota is the capital of Colombia.
Brazil,Brasilia,The city of Brasilia serves as the capital of Brazil.
Norway,Oslo,Oslo is known as the capital city of Norway.
Chile,Santiago,The capital of Chile is Santiago.
Netherlands,Amsterdam,The city of Amsterdam serves as the capital of Netherlands.
Australia,Canberra,Canberra is known as the capital city of Australia.
Netherlands,Amsterdam,Amsterdam is located in Netherlands and it is the capital.
Colombia,Bogota,Bogota is the capital of Colombia.
Finland,Helsinki,Helsinki is located in Finland and it is the capital.
New Zealand,Wellington,The main capital city of New Zealand is Wellington.
India,New Delhi,The capital of India is New Delhi.
Peru,Lima,Lima is the capital of Peru.
Libya,Tripoli,Tripoli is known as the capital city of Libya.
Norway,Oslo,The main capital city of Norway is Oslo.
Finland,Helsinki,Helsinki is the capital of Finland.
Austria,Vienna,"In Austria, the capital city is Vienna."
United Arab Emirates,Abu Dhabi,Everyone knows that the capital of United Arab Emirates is Abu Dhabi.
Poland,Warsaw,"In Poland, the capital city is Warsaw."
Colombia,Bogota,The main capital city of Colombia is Bogota.
Greece,Athens,The main capital city of Greece is Athens.
Austria,Vienna,Vienna is known as the capital city of Austria.
New Zealand,Wellington,Everyone knows that the capital of New Zealand is Wellington.
Indonesia,Jakarta,Jakarta is known as the capital city of Indonesia.
Russia,Moscow,The country Russia has its capital in Moscow.
Venezuela,Caracas,Venezuela has a capital called Caracas.
Norway,Oslo,Norway has a capital called Oslo.
Chile,Santiago,Chile has a capital called Santiago.
Norway,Oslo,The main capital city of Norway is Oslo.
Germany,Berlin,The main capital city of Germany is Berlin.
India,New Delhi,Everyone knows that the capital of India is New Delhi.
Sweden,Stockholm,Stockholm is the capital of Sweden.
Venezuela,Caracas,Caracas is the capital of Venezuela.
Thailand,Bangkok,The country Thailand has its capital in Bangkok.
Venezuela,Caracas,Venezuela has a capital called Caracas.
Czech Republic,Prague,Everyone knows that the capital of Czech Republic is Prague.
Portugal,Lisbon,Lisbon is located in Portugal and it is the capital.
Poland,Warsaw,Warsaw is known as the capital city of Poland.
Spain,Madrid,Madrid is known as the capital city of Spain.
Nigeria,Abuja,The capital of Nigeria is Abuja.
Russia,Moscow,The main capital city of Russia is Moscow.
United States,Washington,Everyone knows that the capital of United States is Washington.
Algeria,Algiers,The capital of Algeria is Algiers.
Hungary,Budapest,Budapest is located in Hungary and it is the capital.
Austria,Vienna,The main capital city of Austria is Vienna.
India,New Delhi,The country India has its capital in New Delhi.
Portugal,Lisbon,The country Portugal has its capital in Lisbon.
Netherlands,Amsterdam,The main capital city of Netherlands is Amsterdam.
China,Beijing,The city of Beijing serves as the capital of China.
Sweden,Stockholm,Stockholm is located in Sweden and it is the capital.
New Zealand,Wellington,The capital of New Zealand is Wellington.
Japan,Tokyo,The capital of Japan is Tokyo.
Peru,Lima,Everyone knows that the capital of Peru is Lima.
Austria,Vienna,Everyone knows that the capital of Austria is Vienna.
South Africa,Pretoria,South Africa has a capital called Pretoria.
Denmark,Copenhagen,Copenhagen is known as the capital city of Denmark.
Brazil,Brasilia,Brasilia is known as the capital city of Brazil.
Hungary,Budapest,Budapest is the capital of Hungary.
United States,Washington,Washington is known as the capital city of United States.
Switzerland,Bern,The capital of Switzerland is Bern.
Saudi Arabia,Riyadh,Riyadh is located in Saudi Arabia and it is the capital.
South Korea,Seoul,Seoul is located in South Korea and it is the capital.
Venezuela,Caracas,The city of Caracas serves as the capital of Venezuela.
Norway,Oslo,Norway has a capital called Oslo.
United Kingdom,London,London is located in United Kingdom and it is the capital.
Senegal,Dakar,Everyone knows that the capital of Senegal is Dakar.
Oman,Muscat,Oman has a capital called Muscat.
Russia,Moscow,Moscow is located in Russia and it is the capital.
Poland,Warsaw,The main capital city of Poland is Warsaw.
Poland,Warsaw,The capital of Poland is Warsaw.
Chile,Santiago,The city of Santiago serves as the capital of Chile.
Libya,Tripoli,The country Libya has its capital in Tripoli.
Netherlands,Amsterdam,The country Netherlands has its capital in Amsterdam.
Morocco,Rabat,"In Morocco, the capital city is Rabat."
Venezuela,Caracas,"In Venezuela, the capital city is Caracas."
Finland,Helsinki,The main capital city of Finland is Helsinki.
Spain,Madrid,Everyone knows that the capital of Spain is Madrid.
Canada,Ottawa,Everyone knows that the capital of Canada is Ottawa.
Ireland,Dublin,Dublin is the capital of Ireland.
Saudi Arabia,Riyadh,Saudi Arabia has a capital called Riyadh.
Greece,Athens,The country Greece has its capital in Athens.
Peru,Lima,Lima is known as the capital city of Peru.
Germany,Berlin,The capital of Germany is Berlin.
Nigeria,Abuja,The main capital city of Nigeria is Abuja.
Tunisia,Tunis,Everyone knows that the capital of Tunisia is Tunis.
Oman,Muscat,Oman has a capital called Muscat.
United Kingdom,London,London is the capital of United Kingdom.
South Korea,Seoul,The main capital city of South Korea is Seoul.
Turkey,Ankara,"In Turkey, the capital city is Ankara."
Denmark,Copenhagen,Copenhagen is known as the capital city of Denmark.
United Kingdom,London,London is the capital of United Kingdom.
Colombia,Bogota,"In Colombia, the capital city is Bogota."
Egypt,Cairo,Everyone knows that the capital of Egypt is Cairo.
Brazil,Brasilia,Brazil has a capital called Brasilia.
France,Paris,The country France has its capital in Paris.
Kuwait,Kuwait City,Kuwait City is located in Kuwait and it is the capital.
Ethiopia,Addis Ababa,Addis Ababa is known as the capital city of Ethiopia.
Libya,Tripoli,Tripoli is known as the capital city of Libya.
Switzerland,Bern,The main capital city of Switzerland is Bern.
Czech Republic,Prague,The country Czech Republic has its capital in Prague.
Netherlands,Amsterdam,Netherlands has a capital called Amsterdam.
China,Beijing,The city of Beijing serves as the capital of China.
Iran,Tehran,The capital of Iran is Tehran.
South Korea,Seoul,South Korea has a capital called Seoul.
Sweden,Stockholm,The main capital city of Sweden is Stockholm.
Spain,Madrid,"In Spain, the capital city is Madrid."
Australia,Canberra,The main capital city of Australia is Canberra.
Morocco,Rabat,The country Morocco has its capital in Rabat.
Spain,Madrid,Madrid is located in Spain and it is the capital.
Greece,Athens,The main capital city of Greece is Athens.
China,Beijing,Beijing is known as the capital city of China.
Russia,Moscow,"In Russia, the capital city is Moscow."
Sweden,Stockholm,The capital of Sweden is Stockholm.
Ethiopia,Addis Ababa,Addis Ababa is known as the capital city of Ethiopia.
France,Paris,Paris is known as the capital city of France.
Sweden,Stockholm,Everyone knows that the capital of Sweden is Stockholm.
Switzerland,Bern,The country Switzerland has its capital in Bern.
Spain,Madrid,Madrid is known as the capital city of Spain.
Libya,Tripoli,"In Libya, the capital city is Tripoli."
Iran,Tehran,Iran has a capital called Tehran.
Morocco,Rabat,The main capital city of Morocco is Rabat.
Egypt,Cairo,Cairo is located in Egypt and it is the capital.
Kuwait,Kuwait City,The capital of Kuwait is Kuwait City.
Peru,Lima,Lima is the capital of Peru.
Algeria,Algiers,Everyone knows that the capital of Algeria is Algiers.
Senegal,Dakar,"In Senegal, the capital city is Dakar."
Saudi Arabia,Riyadh,The capital of Saudi Arabia is Riyadh.
Australia,Canberra,The city of Canberra serves as the capital of Australia.
Russia,Moscow,The country Russia has its capital in Moscow.
Canada,Ottawa,The city of Ottawa serves as the capital of Canada.
Indonesia,Jakarta,"In Indonesia, the capital city is Jakarta."
Oman,Muscat,Muscat is known as the capital city of Oman.
South Korea,Seoul,Seoul is the capital of South Korea.
Russia,Moscow,Moscow is located in Russia and it is the capital.
Australia,Canberra,Canberra is the capital of Australia.
Switzerland,Bern,Switzerland has a capital called Bern.
Qatar,Doha,Doha is the capital of Qatar.
Venezuela,Caracas,Everyone knows that the capital of Venezuela is Caracas.
Netherlands,Amsterdam,Amsterdam is located in Netherlands and it is the capital.
Indonesia,Jakarta,The capital of Indonesia is Jakarta.
Portugal,Lisbon,"In Portugal, the capital city is Lisbon."
Finland,Helsinki,The city of Helsinki serves as the capital of Finland.
Kuwait,Kuwait City,Kuwait City is known as the capital city of Kuwait.
Czech Republic,Prague,Prague is the capital of Czech Republic.
Greece,Athens,Everyone knows that the capital of Greece is Athens.
Spain,Madrid,"In Spain, the capital city is Madrid."
Iran,Tehran,"In Iran, the capital city is Tehran."
United Arab Emirates,Abu Dhabi,The city of Abu Dhabi serves as the capital of United Arab Emirates.
Ireland,Dublin,Everyone knows that the capital of Ireland is Dublin.
Denmark,Copenhagen,Everyone knows that the capital of Denmark is Copenhagen.
Argentina,Buenos Aires,The main capital city of Argentina is Buenos Aires.
Russia,Moscow,Russia has a capital called Moscow.
Poland,Warsaw,The country Poland has its capital in Warsaw.
Egypt,Cairo,Everyone knows that the capital of Egypt is Cairo.
Ethiopia,Addis Ababa,Addis Ababa is located in Ethiopia and it is the capital.
Mexico,Mexico City,"In Mexico, the capital city is Mexico City."
Belgium,Brussels,The main capital city of Belgium is Brussels.
Tunisia,Tunis,Everyone knows that the capital of Tunisia is Tunis.
Canada,Ottawa,The capital of Canada is Ottawa.
Portugal,Lisbon,The capital of Portugal is Lisbon.
Sweden,Stockholm,The capital of Sweden is Stockholm.
Italy,Rome,Everyone knows that the capital of Italy is Rome.
Nigeria,Abuja,The main capital city of Nigeria is Abuja.
Colombia,Bogota,"In Colombia, the capital city is Bogota."
Tunisia,Tunis,The capital of Tunisia is Tunis.
Switzerland,Bern,Switzerland has a capital called Bern.
Ethiopia,Addis Ababa,The capital of Ethiopia is Addis Ababa.
Turkey,Ankara,Ankara is known as the capital city of Turkey.
Norway,Oslo,Everyone knows that the capital of Norway is Oslo.
Brazil,Brasilia,Brasilia is located in Brazil and it is the capital.
United States,Washington,Washington is the capital of United States.
Austria,Vienna,Vienna is the capital of Austria.
Greece,Athens,Athens is known as the capital city of Greece.
Belgium,Brussels,Everyone knows that the capital of Belgium is Brussels.
Sweden,Stockholm,Stockholm is the capital of Sweden.
South Korea,Seoul,Seoul is known as the capital city of South Korea.
Ghana,Accra,The country Ghana has its capital in Accra.
Kenya,Nairobi,Everyone knows that the capital of Kenya is Nairobi.
Italy,Rome,The city of Rome serves as the capital of Italy.
Nigeria,Abuja,Abuja is located in Nigeria and it is the capital.
Peru,Lima,Lima is the capital of Peru.
Tunisia,Tunis,"In Tunisia, the capital city is Tunis."
Kenya,Nairobi,The city of Nairobi serves as the capital of Kenya.
Peru,Lima,The main capital city of Peru is Lima.
Thailand,Bangkok,Everyone knows that the capital of Thailand is Bangkok.
United Kingdom,London,The main capital city of United Kingdom is London.
Iran,Tehran,The capital of Iran is Tehran.
Saudi Arabia,Riyadh,The city of Riyadh serves as the capital of Saudi Arabia.
United Arab Emirates,Abu Dhabi,Abu Dhabi is located in United Arab Emirates and it is the capital.
Finland,Helsinki,Helsinki is the capital of Finland.
Ethiopia,Addis Ababa,The city of Addis Ababa serves as the capital of Ethiopia.
Ethiopia,Addis Ababa,Ethiopia has a capital called Addis Ababa.
Colombia,Bogota,Bogota is the capital of Colombia.
China,Beijing,Beijing is known as the capital city of China.
Greece,Athens,The country Greece has its capital in Athens.
United Arab Emirates,Abu Dhabi,Abu Dhabi is known as the capital city of United Arab Emirates.
Nigeria,Abuja,Abuja is known as the capital city of Nigeria.
Nigeria,Abuja,Abuja is known as the capital city of Nigeria.
United Arab Emirates,Abu Dhabi,The city of Abu Dhabi serves as the capital of United Arab Emirates.
Italy,Rome,Rome is located in Italy and it is the capital.
Greece,Athens,Everyone knows that the capital of Greece is Athens.
Kenya,Nairobi,The city of Nairobi serves as the capital of Kenya.
Netherlands,Amsterdam,The country Netherlands has its capital in Amsterdam.
Netherlands,Amsterdam,The city of Amsterdam serves as the capital of Netherlands.
Germany,Berlin,"In Germany, the capital city is Berlin."
Morocco,Rabat,The country Morocco has its capital in Rabat.
Brazil,Brasilia,Brasilia is known as the capital city of Brazil.
South Korea,Seoul,The capital of South Korea is Seoul.
Tunisia,Tunis,The country Tunisia has its capital in Tunis.
Indonesia,Jakarta,Everyone knows that the capital of Indonesia is Jakarta.
Greece,Athens,Athens is located in Greece and it is the capital.
Qatar,Doha,Doha is the capital of Qatar.
Italy,Rome,Italy has a capital called Rome.
Algeria,Algiers,Everyone knows that the capital of Algeria is Algiers.
Argentina,Buenos Aires,The capital of Argentina is Buenos Aires.
Finland,Helsinki,Helsinki is the capital of Finland.
Hungary,Budapest,Budapest is located in Hungary and it is the capital.
Indonesia,Jakarta,The capital of Indonesia is Jakarta.
Hungary,Budapest,Budapest is known as the capital city of Hungary.
Sweden,Stockholm,The country Sweden has its capital in Stockholm.
Russia,Moscow,The city of Moscow serves as the capital of Russia.
Egypt,Cairo,Cairo is the capital of Egypt.
United States,Washington,"In United States, the capital city is Washington."
Iran,Tehran,The country Iran has its capital in Tehran.
Switzerland,Bern,The main capital city of Switzerland is Bern.
Nigeria,Abuja,The country Nigeria has its capital in Abuja.
Tunisia,Tunis,The main capital city of Tunisia is Tunis.
Italy,Rome,"In Italy, the capital city is Rome."
Libya,Tripoli,The city of Tripoli serves as the capital of Libya.
Ghana,Accra,Accra is known as the capital city of Ghana.
Nigeria,Abuja,"In Nigeria, the capital city is Abuja."
Hungary,Budapest,Hungary has a capital called Budapest.
Oman,Muscat,Muscat is known as the capital city of Oman.
Chile,Santiago,The capital of Chile is Santiago.
Kuwait,Kuwait City,Kuwait City is known as the capital city of Kuwait.
Australia,Canberra,The country Australia has its capital in Canberra.
Switzerland,Bern,The capital of Switzerland is Bern.
Nigeria,Abuja,"In Nigeria, the capital city is Abuja."
Finland,Helsinki,Everyone knows that the capital of Finland is Helsinki.
Spain,Madrid,The capital of Spain is Madrid.
Norway,Oslo,Norway has a capital called Oslo.
China,Beijing,Beijing is known as the capital city of China.
South Africa,Pretoria,Everyone knows that the capital of South Africa is Pretoria.
New Zealand,Wellington,Wellington is located in New Zealand and it is the capital.
Kuwait,Kuwait City,Kuwait City is known as the capital city of Kuwait.
Brazil,Brasilia,The city of Brasilia serves as the capital of Brazil.
Egypt,Cairo,The main capital city of Egypt is Cairo.
United Arab Emirates,Abu Dhabi,The city of Abu Dhabi serves as the capital of United Arab Emirates.
Spain,Madrid,Madrid is the capital of Spain.
Poland,Warsaw,"In Poland, the capital city is Warsaw."
New Zealand,Wellington,The country New Zealand has its capital in Wellington.
Finland,Helsinki,The country Finland has its capital in Helsinki.
Argentina,Buenos Aires,Everyone knows that the capital of Argentina is Buenos Aires.
Iran,Tehran,The country Iran has its capital in Tehran.
Chile,Santiago,The main capital city of Chile is Santiago.
India,New Delhi,"In India, the capital city is New Delhi."
Mexico,Mexico City,Everyone knows that the capital of Mexico is Mexico City.
Greece,Athens,The country Greece has its capital in Athens.
Canada,Ottawa,The main capital city of Canada is Ottawa.
Netherlands,Amsterdam,The capital of Netherlands is Amsterdam.
Australia,Canberra,The city of Canberra serves as the capital of Australia.
Oman,Muscat,"In Oman, the capital city is Muscat."
Thailand,Bangkok,Bangkok is the capital of Thailand.
South Africa,Pretoria,Pretoria is the capital of South Africa.
Egypt,Cairo,Cairo is the capital of Egypt.
Canada,Ottawa,Ottawa is located in Canada and it is the capital.
Mexico,Mexico City,Everyone knows that the capital of Mexico is Mexico City.
Finland,Helsinki,The capital of Finland is Helsinki.
South Africa,Pretoria,The country South Africa has its capital in Pretoria.
Nigeria,Abuja,"In Nigeria, the capital city is Abuja."
Mexico,Mexico City,Mexico has a capital called Mexico City.
Austria,Vienna,The capital of Austria is Vienna.
France,Paris,The capital of France is Paris.
Poland,Warsaw,Warsaw is known as the capital city of Poland.
Egypt,Cairo,Cairo is located in Egypt and it is the capital.
Portugal,Lisbon,"In Portugal, the capital city is Lisbon."
Czech Republic,Prague,The country Czech Republic has its capital in Prague.
Denmark,Copenhagen,The country Denmark has its capital in Copenhagen.
Hungary,Budapest,"In Hungary, the capital city is Budapest."
Nigeria,Abuja,The main capital city of Nigeria is Abuja.
Libya,Tripoli,Tripoli is known as the capital city of Libya.
Iran,Tehran,Tehran is located in Iran and it is the capital.
Saudi Arabia,Riyadh,Riyadh is located in Saudi Arabia and it is the capital.
United States,Washington,The city of Washington serves as the capital of United States.
Spain,Madrid,The city of Madrid serves as the capital of Spain.
Morocco,Rabat,The city of Rabat serves as the capital of Morocco.
Belgium,Brussels,The main capital city of Belgium is Brussels.
Indonesia,Jakarta,Jakarta is the capital of Indonesia.
Poland,Warsaw,Poland has a capital called Warsaw.
Indonesia,Jakarta,The city of Jakarta serves as the capital of Indonesia.
Spain,Madrid,Madrid is known as the capital city of Spain.
Brazil,Brasilia,The city of Brasilia serves as the capital of Brazil.
Tunisia,Tunis,Tunis is known as the capital city of Tunisia.
Qatar,Doha,The main capital city of Qatar is Doha.
Denmark,Copenhagen,The main capital city of Denmark is Copenhagen.
South Korea,Seoul,The capital of South Korea is Seoul.
Thailand,Bangkok,The capital of Thailand is Bangkok.
Tunisia,Tunis,Everyone knows that the capital of Tunisia is Tunis.
Indonesia,Jakarta,Jakarta is known as the capital city of Indonesia.
Iran,Tehran,The country Iran has its capital in Tehran.
New Zealand,Wellington,The capital of New Zealand is Wellington.
Argentina,Buenos Aires,Buenos Aires is known as the capital city of Argentina.
Saudi Arabia,Riyadh,The capital of Saudi Arabia is Riyadh.
Belgium,Brussels,The main capital city of Belgium is Brussels.
New Zealand,Wellington,The main capital city of New Zealand is Wellington.
Sweden,Stockholm,Sweden has a capital called Stockholm.
France,Paris,Paris is known as the capital city of France.
Indonesia,Jakarta,Jakarta is located in Indonesia and it is the capital.
Switzerland,Bern,Bern is located in Switzerland and it is the capital.
United Kingdom,London,London is located in United Kingdom and it is the capital.
India,New Delhi,New Delhi is located in India and it is the capital.
Senegal,Dakar,Dakar is located in Senegal and it is the capital.
Poland,Warsaw,Warsaw is located in Poland and it is the capital.
Iran,Tehran,Tehran is located in Iran and it is the capital.
Colombia,Bogota,Everyone knows that the capital of Colombia is Bogota.
Egypt,Cairo,"In Egypt, the capital city is Cairo."
Senegal,Dakar,The country Senegal has its capital in Dakar.
Kenya,Nairobi,The country Kenya has its capital in Nairobi.
China,Beijing,China has a capital called Beijing.
Czech Republic,Prague,Prague is located in Czech Republic and it is the capital.
Hungary,Budapest,"In Hungary, the capital city is Budapest."
Switzerland,Bern,Bern is located in Switzerland and it is the capital.
United Arab Emirates,Abu Dhabi,Everyone knows that the capital of United Arab Emirates is Abu Dhabi.
Norway,Oslo,Oslo is the capital of Norway.
Denmark,Copenhagen,Everyone knows that the capital of Denmark is Copenhagen.
Argentina,Buenos Aires,Buenos Aires is the capital of Argentina.
Argentina,Buenos Aires,Buenos Aires is known as the capital city of Argentina.
Denmark,Copenhagen,The city of Copenhagen serves as the capital of Denmark.
Russia,Moscow,The capital of Russia is Moscow.
Thailand,Bangkok,Bangkok is located in Thailand and it is the capital.
Tunisia,Tunis,The main capital city of Tunisia is Tunis.
Ethiopia,Addis Ababa,Addis Ababa is located in Ethiopia and it is the capital.
Thailand,Bangkok,The city of Bangkok serves as the capital of Thailand.
Kenya,Nairobi,Kenya has a capital called Nairobi.
Indonesia,Jakarta,Jakarta is the capital of Indonesia.
New Zealand,Wellington,New Zealand has a capital called Wellington.
Colombia,Bogota,The country Colombia has its capital in Bogota.
Colombia,Bogota,The capital of Colombia is Bogota.
Spain,Madrid,Spain has a capital called Madrid.
Brazil,Brasilia,Brasilia is the capital of Brazil.
Czech Republic,Prague,The country Czech Republic has its capital in Prague.
United Arab Emirates,Abu Dhabi,The country United Arab Emirates has its capital in Abu Dhabi.
Qatar,Doha,Doha is known as the capital city of Qatar.
Russia,Moscow,Moscow is located in Russia and it is the capital.
Greece,Athens,"In Greece, the capital city is Athens."
Turkey,Ankara,Ankara is located in Turkey and it is the capital.
Greece,Athens,The country Greece has its capital in Athens.
Russia,Moscow,Everyone knows that the capital of Russia is Moscow.
United Arab Emirates,Abu Dhabi,The country United Arab Emirates has its capital in Abu Dhabi.
Algeria,Algiers,"In Algeria, the capital city is Algiers."
Saudi Arabia,Riyadh,Riyadh is known as the capital city of Saudi Arabia.
Libya,Tripoli,The city of Tripoli serves as the capital of Libya.
Mexico,Mexico City,The capital of Mexico is Mexico City.
Japan,Tokyo,"In Japan, the capital city is Tokyo."
Russia,Moscow,"In Russia, the capital city is Moscow."
Libya,Tripoli,Tripoli is located in Libya and it is the capital.
Algeria,Algiers,The country Algeria has its capital in Algiers.
Tunisia,Tunis,The capital of Tunisia is Tunis.
Mexico,Mexico City,Mexico has a capital called Mexico City.
Tunisia,Tunis,The capital of Tunisia is Tunis.
Mexico,Mexico City,Mexico City is known as the capital city of Mexico.
Algeria,Algiers,Algiers is the capital of Algeria.
Hungary,Budapest,"In Hungary, the capital city is Budapest."
Senegal,Dakar,Dakar is located in Senegal and it is the capital.
Ghana,Accra,"In Ghana, the capital city is Accra."
Qatar,Doha,The capital of Qatar is Doha.
Switzerland,Bern,The capital of Switzerland is Bern.
Austria,Vienna,Austria has a capital called Vienna.
Saudi Arabia,Riyadh,"In Saudi Arabia, the capital city is Riyadh."
Ireland,Dublin,Dublin is the capital of Ireland.
Colombia,Bogota,The capital of Colombia is Bogota.
China,Beijing,Beijing is located in China and it is the capital.
France,Paris,Paris is known as the capital city of France.
Sweden,Stockholm,The main capital city of Sweden is Stockholm.
Peru,Lima,Peru has a capital called Lima.
Japan,Tokyo,"In Japan, the capital city is Tokyo."
Chile,Santiago,Santiago is known as the capital city of Chile.
United Arab Emirates,Abu Dhabi,Everyone knows that the capital of United Arab Emirates is Abu Dhabi.
Egypt,Cairo,The capital of Egypt is Cairo.
Japan,Tokyo,"In Japan, the capital city is Tokyo."
Libya,Tripoli,The country Libya has its capital in Tripoli.
Chile,Santiago,Everyone knows that the capital of Chile is Santiago.
Morocco,Rabat,Everyone knows that the capital of Morocco is Rabat.
Germany,Berlin,The country Germany has its capital in Berlin.
Colombia,Bogota,Bogota is the capital of Colombia.
Qatar,Doha,Everyone knows that the capital of Qatar is Doha.
South Africa,Pretoria,The capital of South Africa is Pretoria.
Qatar,Doha,The city of Doha serves as the capital of Qatar.
Qatar,Doha,Qatar has a capital called Doha.
Spain,Madrid,Everyone knows that the capital of Spain is Madrid.
Brazil,Brasilia,Everyone knows that the capital of Brazil is Brasilia.
Canada,Ottawa,The main capital city of Canada is Ottawa.
Japan,Tokyo,The main capital city of Japan is Tokyo.
Nigeria,Abuja,The main capital city of Nigeria is Abuja.
Ireland,Dublin,Dublin is located in Ireland and it is the capital.
Netherlands,Amsterdam,The main capital city of Netherlands is Amsterdam.
Sweden,Stockholm,The city of Stockholm serves as the capital of Sweden.
Finland,Helsinki,Finland has a capital called Helsinki.
Peru,Lima,The main capital city of Peru is Lima.
Qatar,Doha,Everyone knows that the capital of Qatar is Doha.
Saudi Arabia,Riyadh,Riyadh is located in Saudi Arabia and it is the capital.
France,Paris,Paris is the capital of France.
Ethiopia,Addis Ababa,The capital of Ethiopia is Addis Ababa.
Italy,Rome,"In Italy, the capital city is Rome."
Czech Republic,Prague,"In Czech Republic, the capital city is Prague."
Norway,Oslo,Oslo is located in Norway and it is the capital.
Austria,Vienna,Vienna is located in Austria and it is the capital.
Tunisia,Tunis,"In Tunisia, the capital city is Tunis."
Australia,Canberra,Canberra is located in Australia and it is the capital.
Finland,Helsinki,Helsinki is known as the capital city of Finland.
Denmark,Copenhagen,Copenhagen is located in Denmark and it is the capital.
Morocco,Rabat,The capital of Morocco is Rabat.
Chile,Santiago,Everyone knows that the capital of Chile is Santiago.
Turkey,Ankara,Everyone knows that the capital of Turkey is Ankara.
Argentina,Buenos Aires,Buenos Aires is known as the capital city of Argentina.
Czech Republic,Prague,The country Czech Republic has its capital in Prague.
Oman,Muscat,Oman has a capital called Muscat.
Greece,Athens,Athens is located in Greece and it is the capital.
Brazil,Brasilia,The country Brazil has its capital in Brasilia.
United States,Washington,The capital of United States is Washington.
Hungary,Budapest,Budapest is located in Hungary and it is the capital.
India,New Delhi,The capital of India is New Delhi.
United Arab Emirates,Abu Dhabi,Abu Dhabi is the capital of United Arab Emirates.
Germany,Berlin,Berlin is the capital of Germany.
United States,Washington,The city of Washington serves as the capital of United States.
United Arab Emirates,Abu Dhabi,Abu Dhabi is the capital of United Arab Emirates.
Saudi Arabia,Riyadh,Riyadh is located in Saudi Arabia and it is the capital.
Poland,Warsaw,Warsaw is the capital of Poland.
United Kingdom,London,The capital of United Kingdom is London.
Egypt,Cairo,The country Egypt has its capital in Cairo.
Libya,Tripoli,Tripoli is the capital of Libya.
South Africa,Pretoria,The city of Pretoria serves as the capital of South Africa.
Venezuela,Caracas,Venezuela has a capital called Caracas.
South Korea,Seoul,Seoul is located in South Korea and it is the capital.
Finland,Helsinki,The main capital city of Finland is Helsinki.
Venezuela,Caracas,Everyone knows that the capital of Venezuela is Caracas.
India,New Delhi,New Delhi is the capital of India.
Senegal,Dakar,Dakar is known as the capital city of Senegal.
Belgium,Brussels,Brussels is located in Belgium and it is the capital.
Algeria,Algiers,The country Algeria has its capital in Algiers.
Libya,Tripoli,The capital of Libya is Tripoli.
Turkey,Ankara,The country Turkey has its capital in Ankara.
Germany,Berlin,The city of Berlin serves as the capital of Germany.
Oman,Muscat,Muscat is known as the capital city of Oman.
Iran,Tehran,Tehran is the capital of Iran.
Qatar,Doha,Doha is the capital of Qatar.
Belgium,Brussels,Brussels is known as the capital city of Belgium.
Morocco,Rabat,The capital of Morocco is Rabat.
Germany,Berlin,Berlin is known as the capital city of Germany.
Belgium,Brussels,The city of Brussels serves as the capital of Belgium.
United Kingdom,London,The country United Kingdom has its capital in London.
France,Paris,The capital of France is Paris.
Argentina,Buenos Aires,The main capital city of Argentina is Buenos Aires.
Oman,Muscat,The city of Muscat serves as the capital of Oman.
Oman,Muscat,Muscat is the capital of Oman.
Japan,Tokyo,Tokyo is located in Japan and it is the capital.
Nigeria,Abuja,The main capital city of Nigeria is Abuja.
Chile,Santiago,The country Chile has its capital in Santiago.
Senegal,Dakar,Senegal has a capital called Dakar.
Thailand,Bangkok,The main capital city of Thailand is Bangkok.
Oman,Muscat,Muscat is the capital of Oman.
Libya,Tripoli,Everyone knows that the capital of Libya is Tripoli.
Turkey,Ankara,Ankara is the capital of Turkey.
United Kingdom,London,The city of London serves as the capital of United Kingdom.
Peru,Lima,Peru has a capital called Lima.
Germany,Berlin,Berlin is known as the capital city of Germany.
Greece,Athens,Athens is the capital of Greece.
South Korea,Seoul,Everyone knows that the capital of South Korea is Seoul.
India,New Delhi,Everyone knows that the capital of India is New Delhi.
Denmark,Copenhagen,Everyone knows that the capital of Denmark is Copenhagen.
Brazil,Brasilia,"In Brazil, the capital city is Brasilia."
Ireland,Dublin,"In Ireland, the capital city is Dublin."
Tunisia,Tunis,The capital of Tunisia is Tunis.
Saudi Arabia,Riyadh,The capital of Saudi Arabia is Riyadh.
Australia,Canberra,The city of Canberra serves as the capital of Australia.
Hungary,Budapest,The city of Budapest serves as the capital of Hungary.
Italy,Rome,Rome is known as the capital city of Italy.
Austria,Vienna,Austria has a capital called Vienna.
South Korea,Seoul,"In South Korea, the capital city is Seoul."
China,Beijing,The city of Beijing serves as the capital of China.
Kenya,Nairobi,Everyone knows that the capital of Kenya is Nairobi.
Tunisia,Tunis,Tunis is the capital of Tunisia.
Canada,Ottawa,The main capital city of Canada is Ottawa.
Libya,Tripoli,Tripoli is the capital of Libya.
Sweden,Stockholm,"In Sweden, the capital city is Stockholm."
Japan,Tokyo,Tokyo is the capital of Japan.
Saudi Arabia,Riyadh,The city of Riyadh serves as the capital of Saudi Arabia.
Ghana,Accra,The country Ghana has its capital in Accra.
Chile,Santiago,Everyone knows that the capital of Chile is Santiago.
Kuwait,Kuwait City,The city of Kuwait City serves as the capital of Kuwait.
Tunisia,Tunis,The capital of Tunisia is Tunis.
Sweden,Stockholm,The country Sweden has its capital in Stockholm.
China,Beijing,Beijing is the capital of China.
Greece,Athens,The country Greece has its capital in Athens.
Czech Republic,Prague,The city of Prague serves as the capital of Czech Republic.
Kuwait,Kuwait City,Kuwait has a capital called Kuwait City.
Brazil,Brasilia,Brasilia is the capital of Brazil.
Canada,Ottawa,"In Canada, the capital city is Ottawa."
Colombia,Bogota,Everyone knows that the capital of Colombia is Bogota.
Colombia,Bogota,Bogota is known as the capital city of Colombia.
Algeria,Algiers,The country Algeria has its capital in Algiers.
Portugal,Lisbon,Everyone knows that the capital of Portugal is Lisbon.
Switzerland,Bern,Bern is located in Switzerland and it is the capital.
Norway,Oslo,The city of Oslo serves as the capital of Norway.
Ethiopia,Addis Ababa,Addis Ababa is known as the capital city of Ethiopia.
China,Beijing,The country China has its capital in Beijing.
Portugal,Lisbon,The city of Lisbon serves as the capital of Portugal.
Ireland,Dublin,Dublin is known as the capital city of Ireland.
Russia,Moscow,Russia has a capital called Moscow.
Iran,Tehran,Tehran is the capital of Iran.
Hungary,Budapest,Hungary has a capital called Budapest.
Kuwait,Kuwait City,Everyone knows that the capital of Kuwait is Kuwait City.
Poland,Warsaw,"In Poland, the capital city is Warsaw."
Turkey,Ankara,Ankara is located in Turkey and it is the capital.
Spain,Madrid,The capital of Spain is Madrid.
Sweden,Stockholm,The capital of Sweden is Stockholm.
South Korea,Seoul,Seoul is the capital of South Korea.
United Kingdom,London,The main capital city of United Kingdom is London.
Greece,Athens,Greece has a capital called Athens.
Tunisia,Tunis,The main capital city of Tunisia is Tunis.
Germany,Berlin,The country Germany has its capital in Berlin.
Chile,Santiago,Chile has a capital called Santiago.
Tunisia,Tunis,The capital of Tunisia is Tunis.
Switzerland,Bern,"In Switzerland, the capital city is Bern."
Oman,Muscat,The city of Muscat serves as the capital of Oman.
Venezuela,Caracas,The country Venezuela has its capital in Caracas.
Ethiopia,Addis Ababa,The country Ethiopia has its capital in Addis Ababa.
Norway,Oslo,Everyone knows that the capital of Norway is Oslo.
Finland,Helsinki,Helsinki is located in Finland and it is the capital.
United States,Washington,Everyone knows that the capital of United States is Washington.
Mexico,Mexico City,The country Mexico has its capital in Mexico City.
Argentina,Buenos Aires,Everyone knows that the capital of Argentina is Buenos Aires.
Austria,Vienna,Vienna is located in Austria and it is the capital.
Italy,Rome,The country Italy has its capital in Rome.
United Kingdom,London,United Kingdom has a capital called London.
Russia,Moscow,Russia has a capital called Moscow.
South Korea,Seoul,Seoul is the capital of South Korea.
Oman,Muscat,The country Oman has its capital in Muscat.
Colombia,Bogota,Bogota is located in Colombia and it is the capital.
Morocco,Rabat,Rabat is located in Morocco and it is the capital.
Venezuela,Caracas,The main capital city of Venezuela is Caracas.
Brazil,Brasilia,Brazil has a capital called Brasilia.
New Zealand,Wellington,Wellington is located in New Zealand and it is the capital.
Oman,Muscat,The city of Muscat serves as the capital of Oman.
South Africa,Pretoria,Pretoria is known as the capital city of South Africa.
Ethiopia,Addis Ababa,Ethiopia has a capital called Addis Ababa.
Sweden,Stockholm,Stockholm is the capital of Sweden.
Finland,Helsinki,The city of Helsinki serves as the capital of Finland.
South Korea,Seoul,The city of Seoul serves as the capital of South Korea.
Nigeria,Abuja,Nigeria has a capital called Abuja.
Italy,Rome,Rome is located in Italy and it is the capital.
Belgium,Brussels,Brussels is the capital of Belgium.
Argentina,Buenos Aires,The capital of Argentina is Buenos Aires.
Thailand,Bangkok,Bangkok is the capital of Thailand.
Ireland,Dublin,The country Ireland has its capital in Dublin.
Oman,Muscat,Oman has a capital called Muscat.
Austria,Vienna,Vienna is the capital of Austria.
Qatar,Doha,Doha is known as the capital city of Qatar.
Indonesia,Jakarta,Indonesia has a capital called Jakarta.
Egypt,Cairo,The main capital city of Egypt is Cairo.
Thailand,Bangkok,The capital of Thailand is Bangkok.
Ghana,Accra,The capital of Ghana is Accra.
Chile,Santiago,The country Chile has its capital in Santiago.
Brazil,Brasilia,Everyone knows that the capital of Brazil is Brasilia.
Germany,Berlin,Berlin is located in Germany and it is the capital.
Peru,Lima,The main capital city of Peru is Lima.
Portugal,Lisbon,Lisbon is located in Portugal and it is the capital.
Poland,Warsaw,The country Poland has its capital in Warsaw.
Portugal,Lisbon,Everyone knows that the capital of Portugal is Lisbon.
Kenya,Nairobi,The country Kenya has its capital in Nairobi.
Finland,Helsinki,Finland has a capital called Helsinki.
Thailand,Bangkok,The capital of Thailand is Bangkok.
Ethiopia,Addis Ababa,Addis Ababa is known as the capital city of Ethiopia.
Indonesia,Jakarta,Everyone knows that the capital of Indonesia is Jakarta.
Colombia,Bogota,Bogota is known as the capital city of Colombia.
Russia,Moscow,Everyone knows that the capital of Russia is Moscow.
Belgium,Brussels,The main capital city of Belgium is Brussels.
Kenya,Nairobi,The city of Nairobi serves as the capital of Kenya.
Oman,Muscat,Muscat is the capital of Oman.
India,New Delhi,Everyone knows that the capital of India is New Delhi.
New Zealand,Wellington,The main capital city of New Zealand is Wellington.
Algeria,Algiers,The main capital city of Algeria is Algiers.
Tunisia,Tunis,"In Tunisia, the capital city is Tunis."
Switzerland,Bern,Bern is the capital of Switzerland.
Mexico,Mexico City,"In Mexico, the capital city is Mexico City."
South Korea,Seoul,The capital of South Korea is Seoul.
Kuwait,Kuwait City,The capital of Kuwait is Kuwait City.
Kuwait,Kuwait City,Kuwait City is the capital of Kuwait.
Spain,Madrid,The city of Madrid serves as the capital of Spain.
United Arab Emirates,Abu Dhabi,The country United Arab Emirates has its capital in Abu Dhabi.
China,Beijing,Everyone knows that the capital of China is Beijing.
Peru,Lima,"In Peru, the capital city is Lima."
Iran,Tehran,Everyone knows that the capital of Iran is Tehran.
Switzerland,Bern,Bern is the capital of Switzerland.
Switzerland,Bern,Everyone knows that the capital of Switzerland is Bern.
Indonesia,Jakarta,The capital of Indonesia is Jakarta.
Netherlands,Amsterdam,"In Netherlands, the capital city is Amsterdam."
Kuwait,Kuwait City,Everyone knows that the capital of Kuwait is Kuwait City.
Mexico,Mexico City,Everyone knows that the capital of Mexico is Mexico City.
United Arab Emirates,Abu Dhabi,The country United Arab Emirates has its capital in Abu Dhabi.
United Kingdom,London,London is known as the capital city of United Kingdom.
South Africa,Pretoria,Pretoria is the capital of South Africa.
Senegal,Dakar,The capital of Senegal is Dakar.
Morocco,Rabat,Rabat is located in Morocco and it is the capital.
Chile,Santiago,Everyone knows that the capital of Chile is Santiago.
Greece,Athens,Greece has a capital called Athens.
Ireland,Dublin,The capital of Ireland is Dublin.
Colombia,Bogota,Bogota is known as the capital city of Colombia.
Peru,Lima,"In Peru, the capital city is Lima."
Poland,Warsaw,The country Poland has its capital in Warsaw.
United Arab Emirates,Abu Dhabi,The capital of United Arab Emirates is Abu Dhabi.
Colombia,Bogota,The city of Bogota serves as the capital of Colombia.
Peru,Lima,"In Peru, the capital city is Lima."
Libya,Tripoli,The country Libya has its capital in Tripoli.
Qatar,Doha,The city of Doha serves as the capital of Qatar.
Denmark,Copenhagen,The capital of Denmark is Copenhagen.
Denmark,Copenhagen,The city of Copenhagen serves as the capital of Denmark.
United Kingdom,London,"In United Kingdom, the capital city is London."
New Zealand,Wellington,The capital of New Zealand is Wellington.
Kenya,Nairobi,Nairobi is known as the capital city of Kenya.
Italy,Rome,The main capital city of Italy is Rome.
Colombia,Bogota,"In Colombia, the capital city is Bogota."
Portugal,Lisbon,Everyone knows that the capital of Portugal is Lisbon.
Canada,Ottawa,Ottawa is known as the capital city of Canada.
United Arab Emirates,Abu Dhabi,"In United Arab Emirates, the capital city is Abu Dhabi."
Austria,Vienna,Vienna is located in Austria and it is the capital.
Kuwait,Kuwait City,Kuwait City is located in Kuwait and it is the capital.
Poland,Warsaw,The capital of Poland is Warsaw.
Tunisia,Tunis,Tunis is the capital of Tunisia.
Spain,Madrid,Everyone knows that the capital of Spain is Madrid.
Canada,Ottawa,Everyone knows that the capital of Canada is Ottawa.
India,New Delhi,The city of New Delhi serves as the capital of India.
Chile,Santiago,Santiago is located in Chile and it is the capital.
Poland,Warsaw,Warsaw is located in Poland and it is the capital.
Tunisia,Tunis,The capital of Tunisia is Tunis.
Indonesia,Jakarta,Jakarta is located in Indonesia and it is the capital.
Norway,Oslo,Oslo is the capital of Norway.
Venezuela,Caracas,Caracas is located in Venezuela and it is the capital.
Ireland,Dublin,Dublin is known as the capital city of Ireland.
Kuwait,Kuwait City,"In Kuwait, the capital city is Kuwait City."
Russia,Moscow,Moscow is located in Russia and it is the capital.
Germany,Berlin,The capital of Germany is Berlin.
Thailand,Bangkok,The country Thailand has its capital in Bangkok.
Kuwait,Kuwait City,The main capital city of Kuwait is Kuwait City.
Oman,Muscat,Everyone knows that the capital of Oman is Muscat.
Oman,Muscat,Oman has a capital called Muscat.
Libya,Tripoli,The capital of Libya is Tripoli.
Colombia,Bogota,Colombia has a capital called Bogota.
Tunisia,Tunis,The city of Tunis serves as the capital of Tunisia.
France,Paris,The country France has its capital in Paris.
Saudi Arabia,Riyadh,The main capital city of Saudi Arabia is Riyadh.
United Arab Emirates,Abu Dhabi,The country United Arab Emirates has its capital in Abu Dhabi.
Chile,Santiago,Santiago is located in Chile and it is the capital.
Kuwait,Kuwait City,Kuwait has a capital called Kuwait City.
Senegal,Dakar,The country Senegal has its capital in Dakar.
Oman,Muscat,The capital of Oman is Muscat.
Switzerland,Bern,The country Switzerland has its capital in Bern.
Spain,Madrid,Madrid is known as the capital city of Spain.
Norway,Oslo,Norway has a capital called Oslo.
Argentina,Buenos Aires,Everyone knows that the capital of Argentina is Buenos Aires.
Sweden,Stockholm,Stockholm is the capital of Sweden.
Indonesia,Jakarta,Jakarta is located in Indonesia and it is the capital.
Denmark,Copenhagen,Copenhagen is located in Denmark and it is the capital.
Thailand,Bangkok,Bangkok is located in Thailand and it is the capital.
Japan,Tokyo,Tokyo is the capital of Japan.
Russia,Moscow,Moscow is located in Russia and it is the capital.
Russia,Moscow,Moscow is known as the capital city of Russia.
Nigeria,Abuja,The capital of Nigeria is Abuja.
Germany,Berlin,Everyone knows that the capital of Germany is Berlin.
Czech Republic,Prague,Prague is known as the capital city of Czech Republic.
Czech Republic,Prague,"In Czech Republic, the capital city is Prague."
United Kingdom,London,London is the capital of United Kingdom.
Peru,Lima,The country Peru has its capital in Lima.
Argentina,Buenos Aires,The main capital city of Argentina is Buenos Aires.
Italy,Rome,The main capital city of Italy is Rome.
Thailand,Bangkok,Bangkok is known as the capital city of Thailand.
Switzerland,Bern,The city of Bern serves as the capital of Switzerland.
Oman,Muscat,The capital of Oman is Muscat.
Peru,Lima,The main capital city of Peru is Lima.
Austria,Vienna,Vienna is the capital of Austria.
Algeria,Algiers,Algiers is known as the capital city of Algeria.
Kenya,Nairobi,The city of Nairobi serves as the capital of Kenya.
Portugal,Lisbon,The main capital city of Portugal is Lisbon.
South Africa,Pretoria,"In South Africa, the capital city is Pretoria."
Kuwait,Kuwait City,The main capital city of Kuwait is Kuwait City.
United Kingdom,London,Everyone knows that the capital of United Kingdom is London.
Brazil,Brasilia,The main capital city of Brazil is Brasilia.
Peru,Lima,Everyone knows that the capital of Peru is Lima.
Ethiopia,Addis Ababa,Ethiopia has a capital called Addis Ababa.
South Korea,Seoul,Seoul is known as the capital city of South Korea.
Venezuela,Caracas,The country Venezuela has its capital in Caracas.
Denmark,Copenhagen,Copenhagen is the capital of Denmark.
Japan,Tokyo,Japan has a capital called Tokyo.
Finland,Helsinki,The country Finland has its capital in Helsinki.
Japan,Tokyo,Tokyo is located in Japan and it is the capital.
New Zealand,Wellington,Wellington is known as the capital city of New Zealand.
Russia,Moscow,The country Russia has its capital in Moscow.
Greece,Athens,The capital of Greece is Athens.
Switzerland,Bern,Bern is located in Switzerland and it is the capital.
Greece,Athens,Athens is located in Greece and it is the capital.
Finland,Helsinki,Finland has a capital called Helsinki.
Finland,Helsinki,The country Finland has its capital in Helsinki.
Morocco,Rabat,The country Morocco has its capital in Rabat.
Spain,Madrid,Madrid is located in Spain and it is the capital.
Turkey,Ankara,The main capital city of Turkey is Ankara.
France,Paris,The main capital city of France is Paris.
Portugal,Lisbon,The main capital city of Portugal is Lisbon.
Libya,Tripoli,Tripoli is located in Libya and it is the capital.
Norway,Oslo,The main capital city of Norway is Oslo.
Oman,Muscat,Muscat is known as the capital city of Oman.
Australia,Canberra,Everyone knows that the capital of Australia is Canberra.
Saudi Arabia,Riyadh,Everyone knows that the capital of Saudi Arabia is Riyadh.
China,Beijing,The capital of China is Beijing.
Morocco,Rabat,The main capital city of Morocco is Rabat.
Libya,Tripoli,Libya has a capital called Tripoli.
Czech Republic,Prague,"In Czech Republic, the capital city is Prague."
Hungary,Budapest,The country Hungary has its capital in Budapest.
Turkey,Ankara,Ankara is located in Turkey and it is the capital.
Egypt,Cairo,Egypt has a capital called Cairo.
Oman,Muscat,Muscat is known as the capital city of Oman.
Egypt,Cairo,Everyone knows that the capital of Egypt is Cairo.
India,New Delhi,The city of New Delhi serves as the capital of India.
United Kingdom,London,The country United Kingdom has its capital in London.
Spain,Madrid,Madrid is located in Spain and it is the capital.
Ireland,Dublin,Dublin is located in Ireland and it is the capital.
Saudi Arabia,Riyadh,"In Saudi Arabia, the capital city is Riyadh."
Tunisia,Tunis,Everyone knows that the capital of Tunisia is Tunis.
China,Beijing,China has a capital called Beijing.
Switzerland,Bern,Bern is located in Switzerland and it is the capital.
Iran,Tehran,"In Iran, the capital city is Tehran."
United Arab Emirates,Abu Dhabi,The city of Abu Dhabi serves as the capital of United Arab Emirates.
Sweden,Stockholm,The capital of Sweden is Stockholm.
Japan,Tokyo,Japan has a capital called Tokyo.
Tunisia,Tunis,"In Tunisia, the capital city is Tunis."
Portugal,Lisbon,"In Portugal, the capital city is Lisbon."
Austria,Vienna,Everyone knows that the capital of Austria is Vienna.
United Arab Emirates,Abu Dhabi,Abu Dhabi is known as the capital city of United Arab Emirates.
Germany,Berlin,Berlin is located in Germany and it is the capital.
Czech Republic,Prague,"In Czech Republic, the capital city is Prague."
Mexico,Mexico City,The country Mexico has its capital in Mexico City.
Brazil,Brasilia,"In Brazil, the capital city is Brasilia."
Thailand,Bangkok,The capital of Thailand is Bangkok.
South Africa,Pretoria,The country South Africa has its capital in Pretoria.
Portugal,Lisbon,Everyone knows that the capital of Portugal is Lisbon.
Qatar,Doha,Doha is located in Qatar and it is the capital.
Peru,Lima,Lima is located in Peru and it is the capital.
Morocco,Rabat,The city of Rabat serves as the capital of Morocco.
Greece,Athens,The capital of Greece is Athens.
Egypt,Cairo,Cairo is known as the capital city of Egypt.
Turkey,Ankara,Ankara is the capital of Turkey.
Belgium,Brussels,Everyone knows that the capital of Belgium is Brussels.
Poland,Warsaw,The country Poland has its capital in Warsaw.
Austria,Vienna,The main capital city of Austria is Vienna.
Nigeria,Abuja,"In Nigeria, the capital city is Abuja."
Norway,Oslo,The country Norway has its capital in Oslo.
Netherlands,Amsterdam,The main capital city of Netherlands is Amsterdam.
Kenya,Nairobi,"In Kenya, the capital city is Nairobi."
Belgium,Brussels,Brussels is the capital of Belgium.
United States,Washington,Washington is the capital of United States.
Czech Republic,Prague,The capital of Czech Republic is Prague.
Netherlands,Amsterdam,Everyone knows that the capital of Netherlands is Amsterdam.
Venezuela,Caracas,The country Venezuela has its capital in Caracas.
Nigeria,Abuja,Abuja is located in Nigeria and it is the capital.
Spain,Madrid,The main capital city of Spain is Madrid.
China,Beijing,The city of Beijing serves as the capital of China.
Thailand,Bangkok,"In Thailand, the capital city is Bangkok."
Brazil,Brasilia,Brazil has a capital called Brasilia.
Ghana,Accra,The main capital city of Ghana is Accra.
Portugal,Lisbon,"In Portugal, the capital city is Lisbon."
Italy,Rome,Everyone knows that the capital of Italy is Rome.
Turkey,Ankara,The capital of Turkey is Ankara.
Kenya,Nairobi,The capital of Kenya is Nairobi.
South Africa,Pretoria,Everyone knows that the capital of South Africa is Pretoria.
South Africa,Pretoria,Everyone knows that the capital of South Africa is Pretoria.
Belgium,Brussels,The main capital city of Belgium is Brussels.
South Africa,Pretoria,Pretoria is located in South Africa and it is the capital.
Colombia,Bogota,Bogota is the capital of Colombia.
Argentina,Buenos Aires,The capital of Argentina is Buenos Aires.
Portugal,Lisbon,The city of Lisbon serves as the capital of Portugal.
Ethiopia,Addis Ababa,The city of Addis Ababa serves as the capital of Ethiopia.
Kuwait,Kuwait City,The capital of Kuwait is Kuwait City.
Australia,Canberra,Canberra is located in Australia and it is the capital.
Brazil,Brasilia,The city of Brasilia serves as the capital of Brazil.
Hungary,Budapest,"In Hungary, the capital city is Budapest."
Czech Republic,Prague,The city of Prague serves as the capital of Czech Republic.
Mexico,Mexico City,The country Mexico has its capital in Mexico City.
Egypt,Cairo,The main capital city of Egypt is Cairo.
Poland,Warsaw,Warsaw is the capital of Poland.
Oman,Muscat,The main capital city of Oman is Muscat.
Ireland,Dublin,The city of Dublin serves as the capital of Ireland.
China,Beijing,Beijing is known as the capital city of China.
South Korea,Seoul,The capital of South Korea is Seoul.
Tunisia,Tunis,Everyone knows that the capital of Tunisia is Tunis.
Kuwait,Kuwait City,The country Kuwait has its capital in Kuwait City.
United States,Washington,The city of Washington serves as the capital of United States.
Germany,Berlin,Everyone knows that the capital of Germany is Berlin.
Ethiopia,Addis Ababa,The main capital city of Ethiopia is Addis Ababa.
China,Beijing,Beijing is the capital of China.
Japan,Tokyo,Tokyo is the capital of Japan.
Argentina,Buenos Aires,The main capital city of Argentina is Buenos Aires.
Argentina,Buenos Aires,The capital of Argentina is Buenos Aires.
Ghana,Accra,The capital of Ghana is Accra.
Libya,Tripoli,The main capital city of Libya is Tripoli.
India,New Delhi,The country India has its capital in New Delhi.
Qatar,Doha,Qatar has a capital called Doha.
United States,Washington,The country United States has its capital in Washington.
Spain,Madrid,Everyone knows that the capital of Spain is Madrid.
Switzerland,Bern,Bern is known as the capital city of Switzerland.
Kuwait,Kuwait City,The main capital city of Kuwait is Kuwait City.
Denmark,Copenhagen,The main capital city of Denmark is Copenhagen.
Japan,Tokyo,The capital of Japan is Tokyo.
Turkey,Ankara,The capital of Turkey is Ankara.
Kuwait,Kuwait City,The city of Kuwait City serves as the capital of Kuwait.
Ethiopia,Addis Ababa,"In Ethiopia, the capital city is Addis Ababa."
China,Beijing,Beijing is the capital of China.
Venezuela,Caracas,Venezuela has a capital called Caracas.
United States,Washington,Everyone knows that the capital of United States is Washington.
Indonesia,Jakarta,"In Indonesia, the capital city is Jakarta."
Belgium,Brussels,Everyone knows that the capital of Belgium is Brussels.
Hungary,Budapest,Budapest is known as the capital city of Hungary.
Russia,Moscow,Moscow is the capital of Russia.
Venezuela,Caracas,Caracas is the capital of Venezuela.
South Korea,Seoul,Seoul is known as the capital city of South Korea.
United Arab Emirates,Abu Dhabi,The capital of United Arab Emirates is Abu Dhabi.
Libya,Tripoli,Tripoli is the capital of Libya.
Denmark,Copenhagen,Everyone knows that the capital of Denmark is Copenhagen.
Denmark,Copenhagen,Copenhagen is known as the capital city of Denmark.
Colombia,Bogota,"In Colombia, the capital city is Bogota."
France,Paris,Paris is the capital of France.
Brazil,Brasilia,Everyone knows that the capital of Brazil is Brasilia.
Czech Republic,Prague,Everyone knows that the capital of Czech Republic is Prague.
Turkey,Ankara,Everyone knows that the capital of Turkey is Ankara.
Kenya,Nairobi,Nairobi is the capital of Kenya.
Ghana,Accra,The capital of Ghana is Accra.
Morocco,Rabat,The country Morocco has its capital in Rabat.
Turkey,Ankara,The country Turkey has its capital in Ankara.
New Zealand,Wellington,Everyone knows that the capital of New Zealand is Wellington.
Saudi Arabia,Riyadh,Riyadh is located in Saudi Arabia and it is the capital.
Switzerland,Bern,The country Switzerland has its capital in Bern.
Kenya,Nairobi,The country Kenya has its capital in Nairobi.
Indonesia,Jakarta,The city of Jakarta serves as the capital of Indonesia.
Denmark,Copenhagen,The capital of Denmark is Copenhagen.
Sweden,Stockholm,Stockholm is located in Sweden and it is the capital.
Australia,Canberra,The city of Canberra serves as the capital of Australia.
South Korea,Seoul,Seoul is located in South Korea and it is the capital.
Tunisia,Tunis,Tunis is located in Tunisia and it is the capital.
Algeria,Algiers,The main capital city of Algeria is Algiers.
Venezuela,Caracas,Caracas is the capital of Venezuela.
Australia,Canberra,Canberra is known as the capital city of Australia.
India,New Delhi,The main capital city of India is New Delhi.
South Africa,Pretoria,South Africa has a capital called Pretoria.
Poland,Warsaw,Everyone knows that the capital of Poland is Warsaw.
Qatar,Doha,Doha is the capital of Qatar.
Mexico,Mexico City,Mexico City is known as the capital city of Mexico.
South Africa,Pretoria,The country South Africa has its capital in Pretoria.
Chile,Santiago,The capital of Chile is Santiago.
United States,Washington,Everyone knows that the capital of United States is Washington.
Austria,Vienna,Vienna is the capital of Austria.
Tunisia,Tunis,Everyone knows that the capital of Tunisia is Tunis.
Australia,Canberra,The main capital city of Australia is Canberra.
Oman,Muscat,Muscat is the capital of Oman.
Libya,Tripoli,Libya has a capital called Tripoli.
Argentina,Buenos Aires,Everyone knows that the capital of Argentina is Buenos Aires.
Morocco,Rabat,Rabat is known as the capital city of Morocco.
Portugal,Lisbon,Lisbon is the capital of Portugal.
United States,Washington,"In United States, the capital city is Washington."
Denmark,Copenhagen,Everyone knows that the capital of Denmark is Copenhagen.
Canada,Ottawa,Everyone knows that the capital of Canada is Ottawa.
Qatar,Doha,Doha is known as the capital city of Qatar.
Chile,Santiago,The city of Santiago serves as the capital of Chile.
Australia,Canberra,Everyone knows that the capital of Australia is Canberra.
Italy,Rome,Rome is known as the capital city of Italy.
Ethiopia,Addis Ababa,The city of Addis Ababa serves as the capital of Ethiopia.
Tunisia,Tunis,Tunisia has a capital called Tunis.
Brazil,Brasilia,The country Brazil has its capital in Brasilia.
Algeria,Algiers,Algiers is the capital of Algeria.
Czech Republic,Prague,The main capital city of Czech Republic is Prague.
United Arab Emirates,Abu Dhabi,Everyone knows that the capital of United Arab Emirates is Abu Dhabi.
Australia,Canberra,The capital of Australia is Canberra.
South Korea,Seoul,Seoul is located in South Korea and it is the capital.
Tunisia,Tunis,The country Tunisia has its capital in Tunis.
Kuwait,Kuwait City,"In Kuwait, the capital city is Kuwait City."
Italy,Rome,The main capital city of Italy is Rome.
Germany,Berlin,Berlin is located in Germany and it is the capital.
South Africa,Pretoria,Pretoria is the capital of South Africa.
Russia,Moscow,The main capital city of Russia is Moscow.
Iran,Tehran,Tehran is located in Iran and it is the capital.
Greece,Athens,The city of Athens serves as the capital of Greece.
Kuwait,Kuwait City,The country Kuwait has its capital in Kuwait City.
Thailand,Bangkok,The country Thailand has its capital in Bangkok.
Kuwait,Kuwait City,Kuwait City is the capital of Kuwait.
Denmark,Copenhagen,Copenhagen is the capital of Denmark.
Ghana,Accra,"In Ghana, the capital city is Accra."
Peru,Lima,The main capital city of Peru is Lima.
Ethiopia,Addis Ababa,Everyone knows that the capital of Ethiopia is Addis Ababa.
Egypt,Cairo,The capital of Egypt is Cairo.
New Zealand,Wellington,Wellington is the capital of New Zealand.
Indonesia,Jakarta,Jakarta is located in Indonesia and it is the capital.
Austria,Vienna,Vienna is the capital of Austria.
Colombia,Bogota,The country Colombia has its capital in Bogota.
Greece,Athens,The country Greece has its capital in Athens.
Austria,Vienna,Vienna is located in Austria and it is the capital.
United Kingdom,London,London is the capital of United Kingdom.
Japan,Tokyo,The country Japan has its capital in Tokyo.
Sweden,Stockholm,Sweden has a capital called Stockholm.
Ethiopia,Addis Ababa,The capital of Ethiopia is Addis Ababa.
Japan,Tokyo,Tokyo is the capital of Japan.
Canada,Ottawa,Everyone knows that the capital of Canada is Ottawa.
Argentina,Buenos Aires,Buenos Aires is the capital of Argentina.
Belgium,Brussels,Brussels is the capital of Belgium.
Sweden,Stockholm,The main capital city of Sweden is Stockholm.
Saudi Arabia,Riyadh,The city of Riyadh serves as the capital of Saudi Arabia.
India,New Delhi,"In India, the capital city is New Delhi."
Austria,Vienna,The city of Vienna serves as the capital of Austria.
Thailand,Bangkok,Bangkok is the capital of Thailand.
Denmark,Copenhagen,The capital of Denmark is Copenhagen.
Sweden,Stockholm,The capital of Sweden is Stockholm.
Japan,Tokyo,Everyone knows that the capital of Japan is Tokyo.
Indonesia,Jakarta,"In Indonesia, the capital city is Jakarta."
Hungary,Budapest,Everyone knows that the capital of Hungary is Budapest.
Argentina,Buenos Aires,The country Argentina has its capital in Buenos Aires.
Libya,Tripoli,"In Libya, the capital city is Tripoli."
Senegal,Dakar,Dakar is known as the capital city of Senegal.
Venezuela,Caracas,Caracas is known as the capital city of Venezuela.
United Kingdom,London,"In United Kingdom, the capital city is London."
Oman,Muscat,Oman has a capital called Muscat.
United States,Washington,Everyone knows that the capital of United States is Washington.
Russia,Moscow,The capital of Russia is Moscow.
Greece,Athens,Athens is located in Greece and it is the capital.
Austria,Vienna,The country Austria has its capital in Vienna.
Venezuela,Caracas,Caracas is located in Venezuela and it is the capital.
Czech Republic,Prague,"In Czech Republic, the capital city is Prague."
Saudi Arabia,Riyadh,Riyadh is the capital of Saudi Arabia.
United Kingdom,London,London is located in United Kingdom and it is the capital.
Kuwait,Kuwait City,The city of Kuwait City serves as the capital of Kuwait.
Ireland,Dublin,Everyone knows that the capital of Ireland is Dublin.
Colombia,Bogota,"In Colombia, the capital city is Bogota."
Hungary,Budapest,The country Hungary has its capital in Budapest.
Brazil,Brasilia,The city of Brasilia serves as the capital of Brazil.
France,Paris,The main capital city of France is Paris.
Poland,Warsaw,Warsaw is known as the capital city of Poland.
Colombia,Bogota,The capital of Colombia is Bogota.
Belgium,Brussels,"In Belgium, the capital city is Brussels."
South Africa,Pretoria,The country South Africa has its capital in Pretoria.
Kuwait,Kuwait City,The country Kuwait has its capital in Kuwait City.
Austria,Vienna,The main capital city of Austria is Vienna.
Iran,Tehran,The country Iran has its capital in Tehran.
Nigeria,Abuja,The capital of Nigeria is Abuja.
Switzerland,Bern,Bern is known as the capital city of Switzerland.
Thailand,Bangkok,The city of Bangkok serves as the capital of Thailand.
Senegal,Dakar,The main capital city of Senegal is Dakar.
United Kingdom,London,London is the capital of United Kingdom.
Morocco,Rabat,Everyone knows that the capital of Morocco is Rabat.
Germany,Berlin,Berlin is known as the capital city of Germany.
Nigeria,Abuja,Abuja is located in Nigeria and it is the capital.
Poland,Warsaw,The capital of Poland is Warsaw.
Mexico,Mexico City,The country Mexico has its capital in Mexico City.
Turkey,Ankara,Everyone knows that the capital of Turkey is Ankara.
Algeria,Algiers,"In Algeria, the capital city is Algiers."
Turkey,Ankara,The main capital city of Turkey is Ankara.
Ethiopia,Addis Ababa,The city of Addis Ababa serves as the capital of Ethiopia.
Portugal,Lisbon,"In Portugal, the capital city is Lisbon."
Hungary,Budapest,Everyone knows that the capital of Hungary is Budapest.
China,Beijing,Beijing is known as the capital city of China.
Canada,Ottawa,The city of Ottawa serves as the capital of Canada.
Poland,Warsaw,The country Poland has its capital in Warsaw.
Mexico,Mexico City,Mexico City is located in Mexico and it is the capital.
Kuwait,Kuwait City,Everyone knows that the capital of Kuwait is Kuwait City.
United Kingdom,London,United Kingdom has a capital called London.
Peru,Lima,"In Peru, the capital city is Lima."
Sweden,Stockholm,The main capital city of Sweden is Stockholm.
Qatar,Doha,"In Qatar, the capital city is Doha."
Poland,Warsaw,Warsaw is known as the capital city of Poland.
Qatar,Doha,Qatar has a capital called Doha.
Iran,Tehran,Tehran is the capital of Iran.
Japan,Tokyo,The city of Tokyo serves as the capital of Japan.
Sweden,Stockholm,The city of Stockholm serves as the capital of Sweden.
Canada,Ottawa,The city of Ottawa serves as the capital of Canada.
Canada,Ottawa,Everyone knows that the capital of Canada is Ottawa.
Finland,Helsinki,The country Finland has its capital in Helsinki.
France,Paris,The city of Paris serves as the capital of France.
Switzerland,Bern,The city of Bern serves as the capital of Switzerland.
Libya,Tripoli,Tripoli is known as the capital city of Libya.
Brazil,Brasilia,Brasilia is known as the capital city of Brazil.
Nigeria,Abuja,The main capital city of Nigeria is Abuja.
Indonesia,Jakarta,The city of Jakarta serves as the capital of Indonesia.
Ethiopia,Addis Ababa,Addis Ababa is the capital of Ethiopia.
France,Paris,Everyone knows that the capital of France is Paris.
Algeria,Algiers,The capital of Algeria is Algiers.
Argentina,Buenos Aires,The main capital city of Argentina is Buenos Aires.
Qatar,Doha,Doha is located in Qatar and it is the capital.
Libya,Tripoli,"In Libya, the capital city is Tripoli."
Hungary,Budapest,Budapest is located in Hungary and it is the capital.
Finland,Helsinki,The city of Helsinki serves as the capital of Finland.
Iran,Tehran,The capital of Iran is Tehran.
Norway,Oslo,Oslo is the capital of Norway.
United States,Washington,Washington is known as the capital city of United States.
Iran,Tehran,Tehran is known as the capital city of Iran.
Finland,Helsinki,The country Finland has its capital in Helsinki.
Denmark,Copenhagen,The main capital city of Denmark is Copenhagen.
Japan,Tokyo,Tokyo is located in Japan and it is the capital.
Egypt,Cairo,Cairo is located in Egypt and it is the capital.
Denmark,Copenhagen,Copenhagen is the capital of Denmark.
South Korea,Seoul,The capital of South Korea is Seoul.
Mexico,Mexico City,Mexico City is known as the capital city of Mexico.
Spain,Madrid,The country Spain has its capital in Madrid.
Ghana,Accra,The city of Accra serves as the capital of Ghana.
Ireland,Dublin,The country Ireland has its capital in Dublin.
Qatar,Doha,Doha is known as the capital city of Qatar.
Thailand,Bangkok,The city of Bangkok serves as the capital of Thailand.
Germany,Berlin,Berlin is located in Germany and it is the capital.
Kenya,Nairobi,Everyone knows that the capital of Kenya is Nairobi.
Australia,Canberra,Canberra is known as the capital city of Australia.
Venezuela,Caracas,Caracas is located in Venezuela and it is the capital.
Italy,Rome,"In Italy, the capital city is Rome."
Ghana,Accra,Accra is located in Ghana and it is the capital.
France,Paris,"In France, the capital city is Paris."
Denmark,Copenhagen,The country Denmark has its capital in Copenhagen.
United States,Washington,The capital of United States is Washington.
Nigeria,Abuja,"In Nigeria, the capital city is Abuja."
Greece,Athens,Everyone knows that the capital of Greece is Athens.
Chile,Santiago,Santiago is located in Chile and it is the capital.
Finland,Helsinki,The city of Helsinki serves as the capital of Finland.
Switzerland,Bern,Bern is located in Switzerland and it is the capital.
Saudi Arabia,Riyadh,Saudi Arabia has a capital called Riyadh.
Russia,Moscow,Moscow is known as the capital city of Russia.
Australia,Canberra,Australia has a capital called Canberra.
Canada,Ottawa,The city of Ottawa serves as the capital of Canada.
Indonesia,Jakarta,The capital of Indonesia is Jakarta.
China,Beijing,"In China, the capital city is Beijing."
Egypt,Cairo,Egypt has a capital called Cairo.
Switzerland,Bern,Bern is the capital of Switzerland.
Austria,Vienna,The city of Vienna serves as the capital of Austria.
Kenya,Nairobi,Nairobi is located in Kenya and it is the capital.
Senegal,Dakar,The city of Dakar serves as the capital of Senegal.
Colombia,Bogota,Colombia has a capital called Bogota.
Morocco,Rabat,Rabat is located in Morocco and it is the capital.
Ireland,Dublin,Everyone knows that the capital of Ireland is Dublin.
Sweden,Stockholm,Stockholm is known as the capital city of Sweden.
Switzerland,Bern,The main capital city of Switzerland is Bern.
Finland,Helsinki,The main capital city of Finland is Helsinki.
Chile,Santiago,The capital of Chile is Santiago.
Turkey,Ankara,The main capital city of Turkey is Ankara.
Greece,Athens,Athens is the capital of Greece.
Senegal,Dakar,Dakar is located in Senegal and it is the capital.
Spain,Madrid,Madrid is known as the capital city of Spain.
Portugal,Lisbon,The country Portugal has its capital in Lisbon.
Denmark,Copenhagen,Copenhagen is located in Denmark and it is the capital.
Canada,Ottawa,Canada has a capital called Ottawa.
Argentina,Buenos Aires,Argentina has a capital called Buenos Aires.
Turkey,Ankara,Everyone knows that the capital of Turkey is Ankara.
Kenya,Nairobi,Nairobi is known as the capital city of Kenya.
United Kingdom,London,The city of London serves as the capital of United Kingdom.
Kenya,Nairobi,Everyone knows that the capital of Kenya is Nairobi.
New Zealand,Wellington,Wellington is known as the capital city of New Zealand.
Turkey,Ankara,Ankara is located in Turkey and it is the capital.
Canada,Ottawa,The city of Ottawa serves as the capital of Canada.
Kenya,Nairobi,Nairobi is the capital of Kenya.
Sweden,Stockholm,The main capital city of Sweden is Stockholm.
Greece,Athens,Greece has a capital called Athens.
Poland,Warsaw,The main capital city of Poland is Warsaw.
Qatar,Doha,Doha is the capital of Qatar.
Hungary,Budapest,Budapest is located in Hungary and it is the capital.
United Arab Emirates,Abu Dhabi,The city of Abu Dhabi serves as the capital of United Arab Emirates.
Morocco,Rabat,Everyone knows that the capital of Morocco is Rabat.
Denmark,Copenhagen,Copenhagen is known as the capital city of Denmark.
Mexico,Mexico City,The city of Mexico City serves as the capital of Mexico.
Venezuela,Caracas,The city of Caracas serves as the capital of Venezuela.
China,Beijing,Beijing is located in China and it is the capital.
Russia,Moscow,Moscow is located in Russia and it is the capital.
Venezuela,Caracas,Caracas is known as the capital city of Venezuela.
Canada,Ottawa,The capital of Canada is Ottawa.
Germany,Berlin,"In Germany, the capital city is Berlin."
Kenya,Nairobi,The city of Nairobi serves as the capital of Kenya.
India,New Delhi,The city of New Delhi serves as the capital of India.
United Arab Emirates,Abu Dhabi,The country United Arab Emirates has its capital in Abu Dhabi.
Poland,Warsaw,The main capital city of Poland is Warsaw.
Algeria,Algiers,Everyone knows that the capital of Algeria is Algiers.
Switzerland,Bern,Bern is located in Switzerland and it is the capital.
Algeria,Algiers,Algiers is located in Algeria and it is the capital.
Switzerland,Bern,Bern is known as the capital city of Switzerland.
Italy,Rome,Italy has a capital called Rome.
Egypt,Cairo,Cairo is known as the capital city of Egypt.
Argentina,Buenos Aires,Argentina has a capital called Buenos Aires.
New Zealand,Wellington,The country New Zealand has its capital in Wellington.
France,Paris,The country France has its capital in Paris.
Ghana,Accra,"In Ghana, the capital city is Accra."
Colombia,Bogota,The main capital city of Colombia is Bogota.
Tunisia,Tunis,Tunis is located in Tunisia and it is the capital.
Saudi Arabia,Riyadh,Everyone knows that the capital of Saudi Arabia is Riyadh.
Saudi Arabia,Riyadh,The capital of Saudi Arabia is Riyadh.
Belgium,Brussels,Brussels is the capital of Belgium.
South Africa,Pretoria,Pretoria is known as the capital city of South Africa.
Argentina,Buenos Aires,The capital of Argentina is Buenos Aires.
Oman,Muscat,Muscat is located in Oman and it is the capital.
Nigeria,Abuja,Nigeria has a capital called Abuja.
Libya,Tripoli,The city of Tripoli serves as the capital of Libya.
Hungary,Budapest,The capital of Hungary is Budapest.
Italy,Rome,"In Italy, the capital city is Rome."
Iran,Tehran,The city of Tehran serves as the capital of Iran.
Nigeria,Abuja,The country Nigeria has its capital in Abuja.
Egypt,Cairo,Cairo is known as the capital city of Egypt.
Senegal,Dakar,Everyone knows that the capital of Senegal is Dakar.
Argentina,Buenos Aires,The main capital city of Argentina is Buenos Aires.
Italy,Rome,The capital of Italy is Rome.
Czech Republic,Prague,Prague is known as the capital city of Czech Republic.
Poland,Warsaw,Warsaw is located in Poland and it is the capital.
Australia,Canberra,Everyone knows that the capital of Australia is Canberra.
Ethiopia,Addis Ababa,Everyone knows that the capital of Ethiopia is Addis Ababa.
Sweden,Stockholm,The capital of Sweden is Stockholm.
Denmark,Copenhagen,Copenhagen is known as the capital city of Denmark.
Thailand,Bangkok,The country Thailand has its capital in Bangkok.
Argentina,Buenos Aires,Buenos Aires is the capital of Argentina.
Canada,Ottawa,The main capital city of Canada is Ottawa.
United Arab Emirates,Abu Dhabi,United Arab Emirates has a capital called Abu Dhabi.
Portugal,Lisbon,The city of Lisbon serves as the capital of Portugal.
Belgium,Brussels,The capital of Belgium is Brussels.
Germany,Berlin,The main capital city of Germany is Berlin.
Switzerland,Bern,"In Switzerland, the capital city is Bern."
Turkey,Ankara,The capital of Turkey is Ankara.
Turkey,Ankara,Everyone knows that the capital of Turkey is Ankara.
Hungary,Budapest,The country Hungary has its capital in Budapest.
Kenya,Nairobi,The city of Nairobi serves as the capital of Kenya.
Ethiopia,Addis Ababa,Ethiopia has a capital called Addis Ababa.
Switzerland,Bern,Bern is the capital of Switzerland.
Peru,Lima,The country Peru has its capital in Lima.
Switzerland,Bern,"In Switzerland, the capital city is Bern."
Finland,Helsinki,The capital of Finland is Helsinki.
Ethiopia,Addis Ababa,Addis Ababa is located in Ethiopia and it is the capital.
China,Beijing,The city of Beijing serves as the capital of China.
New Zealand,Wellington,The country New Zealand has its capital in Wellington.
Finland,Helsinki,Helsinki is located in Finland and it is the capital.
Morocco,Rabat,The city of Rabat serves as the capital of Morocco.
Morocco,Rabat,"In Morocco, the capital city is Rabat."
Australia,Canberra,Canberra is located in Australia and it is the capital.
Sweden,Stockholm,Stockholm is the capital of Sweden.
China,Beijing,Beijing is located in China and it is the capital.
Ethiopia,Addis Ababa,Addis Ababa is known as the capital city of Ethiopia.
Russia,Moscow,The capital of Russia is Moscow.
India,New Delhi,"In India, the capital city is New Delhi."
New Zealand,Wellington,Everyone knows that the capital of New Zealand is Wellington.
Senegal,Dakar,The city of Dakar serves as the capital of Senegal.
Austria,Vienna,The country Austria has its capital in Vienna.
France,Paris,The capital of France is Paris.
Peru,Lima,"In Peru, the capital city is Lima."
Russia,Moscow,"In Russia, the capital city is Moscow."
Saudi Arabia,Riyadh,Everyone knows that the capital of Saudi Arabia is Riyadh.
Netherlands,Amsterdam,Netherlands has a capital called Amsterdam.
United States,Washington,Everyone knows that the capital of United States is Washington.
Ireland,Dublin,Dublin is known as the capital city of Ireland.
Kuwait,Kuwait City,Kuwait has a capital called Kuwait City.
Czech Republic,Prague,Prague is known as the capital city of Czech Republic.
Oman,Muscat,Muscat is known as the capital city of Oman.
Turkey,Ankara,The capital of Turkey is Ankara.
Switzerland,Bern,The main capital city of Switzerland is Bern.
Spain,Madrid,Madrid is the capital of Spain.
Canada,Ottawa,Ottawa is located in Canada and it is the capital.
Qatar,Doha,Doha is known as the capital city of Qatar.
India,New Delhi,The city of New Delhi serves as the capital of India.
Spain,Madrid,"In Spain, the capital city is Madrid."
United States,Washington,Washington is located in United States and it is the capital.
Spain,Madrid,Everyone knows that the capital of Spain is Madrid.
Greece,Athens,The city of Athens serves as the capital of Greece.
Oman,Muscat,Muscat is the capital of Oman.
Tunisia,Tunis,Tunis is the capital of Tunisia.
Belgium,Brussels,Brussels is located in Belgium and it is the capital.
Japan,Tokyo,Tokyo is the capital of Japan.
Russia,Moscow,Russia has a capital called Moscow.
Chile,Santiago,The capital of Chile is Santiago.
United States,Washington,The city of Washington serves as the capital of United States.
Senegal,Dakar,The main capital city of Senegal is Dakar.
South Korea,Seoul,"In South Korea, the capital city is Seoul."
Ethiopia,Addis Ababa,Addis Ababa is located in Ethiopia and it is the capital.
Algeria,Algiers,Algiers is known as the capital city of Algeria.
Iran,Tehran,The city of Tehran serves as the capital of Iran.
South Korea,Seoul,The main capital city of South Korea is Seoul.
Oman,Muscat,The capital of Oman is Muscat.
Ethiopia,Addis Ababa,The city of Addis Ababa serves as the capital of Ethiopia.
Egypt,Cairo,The capital of Egypt is Cairo.
Algeria,Algiers,The country Algeria has its capital in Algiers.
Brazil,Brasilia,The capital of Brazil is Brasilia.
Qatar,Doha,Doha is known as the capital city of Qatar.
China,Beijing,Beijing is known as the capital city of China.
New Zealand,Wellington,The city of Wellington serves as the capital of New Zealand.
Spain,Madrid,Madrid is the capital of Spain.
Finland,Helsinki,The capital of Finland is Helsinki.
Indonesia,Jakarta,"In Indonesia, the capital city is Jakarta."
Nigeria,Abuja,Abuja is the capital of Nigeria.
Spain,Madrid,The city of Madrid serves as the capital of Spain.
Denmark,Copenhagen,"In Denmark, the capital city is Copenhagen."
United Arab Emirates,Abu Dhabi,The capital of United Arab Emirates is Abu Dhabi.
Belgium,Brussels,Brussels is the capital of Belgium.
Ghana,Accra,The country Ghana has its capital in Accra.
Greece,Athens,The main capital city of Greece is Athens.
Switzerland,Bern,Bern is located in Switzerland and it is the capital.
Algeria,Algiers,Algeria has a capital called Algiers.
United States,Washington,The country United States has its capital in Washington.
Denmark,Copenhagen,Copenhagen is the capital of Denmark.
Iran,Tehran,Tehran is the capital of Iran.
Denmark,Copenhagen,The city of Copenhagen serves as the capital of Denmark.
Kenya,Nairobi,Kenya has a capital called Nairobi.
New Zealand,Wellington,Wellington is known as the capital city of New Zealand.
Algeria,Algiers,Algiers is located in Algeria and it is the capital.
South Korea,Seoul,Seoul is located in South Korea and it is the capital.
Canada,Ottawa,Everyone knows that the capital of Canada is Ottawa.
Australia,Canberra,Canberra is the capital of Australia.
Portugal,Lisbon,Everyone knows that the capital of Portugal is Lisbon.
Saudi Arabia,Riyadh,Riyadh is the capital of Saudi Arabia.
South Africa,Pretoria,South Africa has a capital called Pretoria.
Saudi Arabia,Riyadh,Saudi Arabia has a capital called Riyadh.
Greece,Athens,The main capital city of Greece is Athens.
Colombia,Bogota,Colombia has a capital called Bogota.
Denmark,Copenhagen,The capital of Denmark is Copenhagen.
Poland,Warsaw,The main capital city of Poland is Warsaw.
Canada,Ottawa,The country Canada has its capital in Ottawa.
Kuwait,Kuwait City,Kuwait City is known as the capital city of Kuwait.
Japan,Tokyo,The capital of Japan is Tokyo.
United Arab Emirates,Abu Dhabi,Everyone knows that the capital of United Arab Emirates is Abu Dhabi.
Portugal,Lisbon,Lisbon is known as the capital city of Portugal.
Ethiopia,Addis Ababa,Addis Ababa is known as the capital city of Ethiopia.
Egypt,Cairo,Egypt has a capital called Cairo.
Qatar,Doha,Everyone knows that the capital of Qatar is Doha.
Czech Republic,Prague,The city of Prague serves as the capital of Czech Republic.
Canada,Ottawa,Everyone knows that the capital of Canada is Ottawa.
Venezuela,Caracas,The main capital city of Venezuela is Caracas.
Austria,Vienna,The city of Vienna serves as the capital of Austria.
South Africa,Pretoria,South Africa has a capital called Pretoria.
Spain,Madrid,The country Spain has its capital in Madrid.
Japan,Tokyo,Tokyo is located in Japan and it is the capital.
Oman,Muscat,Muscat is the capital of Oman.
Canada,Ottawa,Everyone knows that the capital of Canada is Ottawa.
Ghana,Accra,The main capital city of Ghana is Accra.
Argentina,Buenos Aires,The country Argentina has its capital in Buenos Aires.
Morocco,Rabat,Everyone knows that the capital of Morocco is Rabat.
Saudi Arabia,Riyadh,Everyone knows that the capital of Saudi Arabia is Riyadh.
Hungary,Budapest,The country Hungary has its capital in Budapest.
Chile,Santiago,The city of Santiago serves as the capital of Chile.
Ireland,Dublin,The country Ireland has its capital in Dublin.
Netherlands,Amsterdam,The country Netherlands has its capital in Amsterdam.
Qatar,Doha,Doha is located in Qatar and it is the capital.
Mexico,Mexico City,Mexico City is known as the capital city of Mexico.
Qatar,Doha,Doha is located in Qatar and it is the capital.
Czech Republic,Prague,Prague is the capital of Czech Republic.
South Africa,Pretoria,Pretoria is the capital of South Africa.
Spain,Madrid,Madrid is located in Spain and it is the capital.
Libya,Tripoli,Libya has a capital called Tripoli.
Spain,Madrid,The city of Madrid serves as the capital of Spain.
Ireland,Dublin,Dublin is known as the capital city of Ireland.
Germany,Berlin,Berlin is known as the capital city of Germany.
United Arab Emirates,Abu Dhabi,United Arab Emirates has a capital called Abu Dhabi.
Hungary,Budapest,Hungary has a capital called Budapest.
Australia,Canberra,Canberra is located in Australia and it is the capital.
South Africa,Pretoria,The city of Pretoria serves as the capital of South Africa.
Saudi Arabia,Riyadh,The main capital city of Saudi Arabia is Riyadh.
Germany,Berlin,Everyone knows that the capital of Germany is Berlin.
Algeria,Algiers,Algiers is located in Algeria and it is the capital.
Nigeria,Abuja,Nigeria has a capital called Abuja.
Spain,Madrid,Spain has a capital called Madrid.
Qatar,Doha,Everyone knows that the capital of Qatar is Doha.
Argentina,Buenos Aires,Buenos Aires is known as the capital city of Argentina.
Greece,Athens,The capital of Greece is Athens.
New Zealand,Wellington,New Zealand has a capital called Wellington.
Hungary,Budapest,The capital of Hungary is Budapest.
Algeria,Algiers,Everyone knows that the capital of Algeria is Algiers.
United Arab Emirates,Abu Dhabi,Abu Dhabi is known as the capital city of United Arab Emirates.
New Zealand,Wellington,Wellington is located in New Zealand and it is the capital.
Spain,Madrid,The capital of Spain is Madrid.
Japan,Tokyo,Tokyo is located in Japan and it is the capital.
New Zealand,Wellington,"In New Zealand, the capital city is Wellington."
Peru,Lima,Peru has a capital called Lima.
United States,Washington,"In United States, the capital city is Washington."
Canada,Ottawa,The main capital city of Canada is Ottawa.
Turkey,Ankara,Ankara is located in Turkey and it is the capital.
Japan,Tokyo,Tokyo is located in Japan and it is the capital.
South Korea,Seoul,"In South Korea, the capital city is Seoul."
Italy,Rome,Italy has a capital called Rome.
Netherlands,Amsterdam,"In Netherlands, the capital city is Amsterdam."
Morocco,Rabat,Rabat is located in Morocco and it is the capital.
Italy,Rome,Rome is located in Italy and it is the capital.
Russia,Moscow,Everyone knows that the capital of Russia is Moscow.
India,New Delhi,Everyone knows that the capital of India is New Delhi.
Hungary,Budapest,Budapest is the capital of Hungary.
Nigeria,Abuja,The main capital city of Nigeria is Abuja.
Morocco,Rabat,The city of Rabat serves as the capital of Morocco.
Ghana,Accra,The country Ghana has its capital in Accra.
Nigeria,Abuja,The city of Abuja serves as the capital of Nigeria.
Poland,Warsaw,Warsaw is known as the capital city of Poland.
Thailand,Bangkok,Bangkok is located in Thailand and it is the capital.
France,Paris,The city of Paris serves as the capital of France.
Sweden,Stockholm,The city of Stockholm serves as the capital of Sweden.
United Kingdom,London,The main capital city of United Kingdom is London.
India,New Delhi,The capital of India is New Delhi.
Canada,Ottawa,The country Canada has its capital in Ottawa.
South Africa,Pretoria,Pretoria is known as the capital city of South Africa.
Egypt,Cairo,The city of Cairo serves as the capital of Egypt.
United States,Washington,"In United States, the capital city is Washington."
Sweden,Stockholm,Stockholm is the capital of Sweden.
Thailand,Bangkok,Everyone knows that the capital of Thailand is Bangkok.
Australia,Canberra,The country Australia has its capital in Canberra.
Australia,Canberra,Australia has a capital called Canberra.
Oman,Muscat,Everyone knows that the capital of Oman is Muscat.
Saudi Arabia,Riyadh,Riyadh is the capital of Saudi Arabia.
Brazil,Brasilia,The main capital city of Brazil is Brasilia.
Denmark,Copenhagen,Denmark has a capital called Copenhagen.
Colombia,Bogota,Colombia has a capital called Bogota.
United Arab Emirates,Abu Dhabi,"In United Arab Emirates, the capital city is Abu Dhabi."
Brazil,Brasilia,The country Brazil has its capital in Brasilia.
Thailand,Bangkok,Bangkok is known as the capital city of Thailand.
Nigeria,Abuja,The capital of Nigeria is Abuja.
Tunisia,Tunis,Tunis is known as the capital city of Tunisia.
Switzerland,Bern,Switzerland has a capital called Bern.
Italy,Rome,Italy has a capital called Rome.
Canada,Ottawa,Everyone knows that the capital of Canada is Ottawa.
Turkey,Ankara,Everyone knows that the capital of Turkey is Ankara.
Australia,Canberra,Canberra is known as the capital city of Australia.
Ethiopia,Addis Ababa,Ethiopia has a capital called Addis Ababa.
Australia,Canberra,Everyone knows that the capital of Australia is Canberra.
Venezuela,Caracas,Caracas is the capital of Venezuela.
Russia,Moscow,Moscow is the capital of Russia.
New Zealand,Wellington,New Zealand has a capital called Wellington.
Austria,Vienna,The capital of Austria is Vienna.
Peru,Lima,The country Peru has its capital in Lima.
South Korea,Seoul,The main capital city of South Korea is Seoul.
Colombia,Bogota,Everyone knows that the capital of Colombia is Bogota.
Belgium,Brussels,"In Belgium, the capital city is Brussels."
Finland,Helsinki,Helsinki is located in Finland and it is the capital.
Chile,Santiago,The city of Santiago serves as the capital of Chile.
Austria,Vienna,Austria has a capital called Vienna.
Ethiopia,Addis Ababa,The main capital city of Ethiopia is Addis Ababa.
France,Paris,Paris is known as the capital city of France.
United Arab Emirates,Abu Dhabi,United Arab Emirates has a capital called Abu Dhabi.
South Africa,Pretoria,"In South Africa, the capital city is Pretoria."
Indonesia,Jakarta,"In Indonesia, the capital city is Jakarta."
Sweden,Stockholm,Stockholm is the capital of Sweden.
Ghana,Accra,"In Ghana, the capital city is Accra."
Russia,Moscow,Moscow is the capital of Russia.
Czech Republic,Prague,Prague is known as the capital city of Czech Republic.
Germany,Berlin,The main capital city of Germany is Berlin.
South Africa,Pretoria,Everyone knows that the capital of South Africa is Pretoria.
Mexico,Mexico City,The city of Mexico City serves as the capital of Mexico.
Colombia,Bogota,Everyone knows that the capital of Colombia is Bogota.
Ghana,Accra,The capital of Ghana is Accra.
Austria,Vienna,Austria has a capital called Vienna.
Ireland,Dublin,Dublin is located in Ireland and it is the capital.
Colombia,Bogota,The capital of Colombia is Bogota.
France,Paris,The city of Paris serves as the capital of France.
Czech Republic,Prague,The capital of Czech Republic is Prague.
Austria,Vienna,The main capital city of Austria is Vienna.
Mexico,Mexico City,Mexico City is known as the capital city of Mexico.
Brazil,Brasilia,Brasilia is the capital of Brazil.
Mexico,Mexico City,The country Mexico has its capital in Mexico City.
Netherlands,Amsterdam,The capital of Netherlands is Amsterdam.
Ethiopia,Addis Ababa,Addis Ababa is known as the capital city of Ethiopia.
South Korea,Seoul,"In South Korea, the capital city is Seoul."
Morocco,Rabat,The capital of Morocco is Rabat.
Algeria,Algiers,Algiers is known as the capital city of Algeria.
Australia,Canberra,The country Australia has its capital in Canberra.
United Arab Emirates,Abu Dhabi,Abu Dhabi is the capital of United Arab Emirates.
Hungary,Budapest,The city of Budapest serves as the capital of Hungary.
Kenya,Nairobi,The city of Nairobi serves as the capital of Kenya.
Belgium,Brussels,"In Belgium, the capital city is Brussels."
Austria,Vienna,Vienna is known as the capital city of Austria.
Finland,Helsinki,"In Finland, the capital city is Helsinki."
Turkey,Ankara,The city of Ankara serves as the capital of Turkey.
Germany,Berlin,Germany has a capital called Berlin.
Brazil,Brasilia,Brasilia is the capital of Brazil.
United States,Washington,United States has a capital called Washington.
Sweden,Stockholm,Stockholm is the capital of Sweden.
France,Paris,Paris is the capital of France.
Switzerland,Bern,The capital of Switzerland is Bern.
Italy,Rome,Rome is known as the capital city of Italy.
Qatar,Doha,The capital of Qatar is Doha.
Finland,Helsinki,The city of Helsinki serves as the capital of Finland.
Switzerland,Bern,The capital of Switzerland is Bern.
Senegal,Dakar,Dakar is known as the capital city of Senegal.
United Arab Emirates,Abu Dhabi,Everyone knows that the capital of United Arab Emirates is Abu Dhabi.
Indonesia,Jakarta,Indonesia has a capital called Jakarta.
Kenya,Nairobi,The capital of Kenya is Nairobi.
France,Paris,Paris is the capital of France.
South Korea,Seoul,The capital of South Korea is Seoul.
Japan,Tokyo,Japan has a capital called Tokyo.
South Korea,Seoul,The city of Seoul serves as the capital of South Korea.
Russia,Moscow,Moscow is the capital of Russia.
Thailand,Bangkok,Bangkok is known as the capital city of Thailand.
Oman,Muscat,Everyone knows that the capital of Oman is Muscat.
Turkey,Ankara,The main capital city of Turkey is Ankara.
Argentina,Buenos Aires,Everyone knows that the capital of Argentina is Buenos Aires.
Peru,Lima,The capital of Peru is Lima.
Morocco,Rabat,Rabat is located in Morocco and it is the capital.
Nigeria,Abuja,Abuja is the capital of Nigeria.
Canada,Ottawa,"In Canada, the capital city is Ottawa."
Italy,Rome,Everyone knows that the capital of Italy is Rome.
Germany,Berlin,The city of Berlin serves as the capital of Germany.
Czech Republic,Prague,The country Czech Republic has its capital in Prague.
Czech Republic,Prague,The city of Prague serves as the capital of Czech Republic.
Spain,Madrid,The city of Madrid serves as the capital of Spain.
Ghana,Accra,The capital of Ghana is Accra.
Turkey,Ankara,Ankara is known as the capital city of Turkey.
South Africa,Pretoria,South Africa has a capital called Pretoria.
Switzerland,Bern,Switzerland has a capital called Bern.
Belgium,Brussels,Brussels is the capital of Belgium.
Nigeria,Abuja,The capital of Nigeria is Abuja.
United Arab Emirates,Abu Dhabi,"In United Arab Emirates, the capital city is Abu Dhabi."
France,Paris,Everyone knows that the capital of France is Paris.
Netherlands,Amsterdam,Everyone knows that the capital of Netherlands is Amsterdam.
Argentina,Buenos Aires,"In Argentina, the capital city is Buenos Aires."
Nigeria,Abuja,The main capital city of Nigeria is Abuja.
Italy,Rome,Rome is located in Italy and it is the capital.
Egypt,Cairo,The capital of Egypt is Cairo.
Greece,Athens,Athens is known as the capital city of Greece.
Kuwait,Kuwait City,The main capital city of Kuwait is Kuwait City.
United Kingdom,London,Everyone knows that the capital of United Kingdom is London.
Germany,Berlin,The city of Berlin serves as the capital of Germany.
Russia,Moscow,Moscow is located in Russia and it is the capital.
Iran,Tehran,Tehran is known as the capital city of Iran.
Chile,Santiago,Everyone knows that the capital of Chile is Santiago.
New Zealand,Wellington,The capital of New Zealand is Wellington.
Thailand,Bangkok,"In Thailand, the capital city is Bangkok."
Austria,Vienna,Everyone knows that the capital of Austria is Vienna.
Greece,Athens,The main capital city of Greece is Athens.
China,Beijing,The country China has its capital in Beijing.
India,New Delhi,India has a capital called New Delhi.
Indonesia,Jakarta,Indonesia has a capital called Jakarta.
Germany,Berlin,Berlin is located in Germany and it is the capital.
Canada,Ottawa,The capital of Canada is Ottawa.
Denmark,Copenhagen,Copenhagen is the capital of Denmark.
Ireland,Dublin,Dublin is the capital of Ireland.
Brazil,Brasilia,The city of Brasilia serves as the capital of Brazil.
Russia,Moscow,The country Russia has its capital in Moscow.
Norway,Oslo,The capital of Norway is Oslo.
United States,Washington,"In United States, the capital city is Washington."
Venezuela,Caracas,Everyone knows that the capital of Venezuela is Caracas.
India,New Delhi,India has a capital called New Delhi.
Thailand,Bangkok,The capital of Thailand is Bangkok.
Colombia,Bogota,Bogota is located in Colombia and it is the capital.
Colombia,Bogota,Bogota is known as the capital city of Colombia.
Algeria,Algiers,"In Algeria, the capital city is Algiers."
Netherlands,Amsterdam,The country Netherlands has its capital in Amsterdam.
United States,Washington,Washington is located in United States and it is the capital.
Colombia,Bogota,Bogota is the capital of Colombia.
Germany,Berlin,Germany has a capital called Berlin.
Czech Republic,Prague,Everyone knows that the capital of Czech Republic is Prague.
Ghana,Accra,Everyone knows that the capital of Ghana is Accra.
Netherlands,Amsterdam,The city of Amsterdam serves as the capital of Netherlands.
South Korea,Seoul,"In South Korea, the capital city is Seoul."
Belgium,Brussels,The country Belgium has its capital in Brussels.
China,Beijing,Beijing is known as the capital city of China.
Peru,Lima,The main capital city of Peru is Lima.
Turkey,Ankara,The city of Ankara serves as the capital of Turkey.
Belgium,Brussels,The capital of Belgium is Brussels.
Morocco,Rabat,Rabat is the capital of Morocco.
India,New Delhi,New Delhi is located in India and it is the capital.
China,Beijing,The capital of China is Beijing.
Turkey,Ankara,Everyone knows that the capital of Turkey is Ankara.
Norway,Oslo,The capital of Norway is Oslo.
Qatar,Doha,The country Qatar has its capital in Doha.
Denmark,Copenhagen,Denmark has a capital called Copenhagen.
Canada,Ottawa,The capital of Canada is Ottawa.
Poland,Warsaw,The capital of Poland is Warsaw.
Chile,Santiago,"In Chile, the capital city is Santiago."
Denmark,Copenhagen,The country Denmark has its capital in Copenhagen.
Qatar,Doha,The country Qatar has its capital in Doha.
Morocco,Rabat,The capital of Morocco is Rabat.
Turkey,Ankara,The capital of Turkey is Ankara.
Saudi Arabia,Riyadh,Riyadh is located in Saudi Arabia and it is the capital.
Denmark,Copenhagen,The city of Copenhagen serves as the capital of Denmark.
United Kingdom,London,Everyone knows that the capital of United Kingdom is London.
Canada,Ottawa,"In Canada, the capital city is Ottawa."
France,Paris,Everyone knows that the capital of France is Paris.
Japan,Tokyo,The main capital city of Japan is Tokyo.
Chile,Santiago,"In Chile, the capital city is Santiago."
Argentina,Buenos Aires,Buenos Aires is located in Argentina and it is the capital.
Libya,Tripoli,The capital of Libya is Tripoli.
Colombia,Bogota,The country Colombia has its capital in Bogota.
Australia,Canberra,The capital of Australia is Canberra.
Finland,Helsinki,"In Finland, the capital city is Helsinki."
Chile,Santiago,Santiago is located in Chile and it is the capital.
Argentina,Buenos Aires,The main capital city of Argentina is Buenos Aires.
Argentina,Buenos Aires,Buenos Aires is located in Argentina and it is the capital.
Denmark,Copenhagen,Copenhagen is located in Denmark and it is the capital.
United States,Washington,Washington is the capital of United States.
Kuwait,Kuwait City,Kuwait has a capital called Kuwait City.
Ethiopia,Addis Ababa,"In Ethiopia, the capital city is Addis Ababa."
Sweden,Stockholm,"In Sweden, the capital city is Stockholm."
South Africa,Pretoria,South Africa has a capital called Pretoria.
Spain,Madrid,Madrid is the capital of Spain.
Canada,Ottawa,Ottawa is located in Canada and it is the capital.
Belgium,Brussels,Brussels is the capital of Belgium.
India,New Delhi,New Delhi is located in India and it is the capital.
Spain,Madrid,The capital of Spain is Madrid.
Tunisia,Tunis,The country Tunisia has its capital in Tunis.
Ireland,Dublin,Everyone knows that the capital of Ireland is Dublin.
Netherlands,Amsterdam,The capital of Netherlands is Amsterdam.
Venezuela,Caracas,Everyone knows that the capital of Venezuela is Caracas.
Switzerland,Bern,The country Switzerland has its capital in Bern.
Senegal,Dakar,The capital of Senegal is Dakar.
New Zealand,Wellington,"In New Zealand, the capital city is Wellington."
Finland,Helsinki,The main capital city of Finland is Helsinki.
Ghana,Accra,Accra is located in Ghana and it is the capital.
Japan,Tokyo,Tokyo is the capital of Japan.
Italy,Rome,"In Italy, the capital city is Rome."
Libya,Tripoli,The main capital city of Libya is Tripoli.
Italy,Rome,The capital of Italy is Rome.
Italy,Rome,The city of Rome serves as the capital of Italy.
United Arab Emirates,Abu Dhabi,The city of Abu Dhabi serves as the capital of United Arab Emirates.
Oman,Muscat,The capital of Oman is Muscat.
Germany,Berlin,Berlin is located in Germany and it is the capital.
Libya,Tripoli,Everyone knows that the capital of Libya is Tripoli.
Morocco,Rabat,The main capital city of Morocco is Rabat.
South Korea,Seoul,The capital of South Korea is Seoul.
Saudi Arabia,Riyadh,"In Saudi Arabia, the capital city is Riyadh."
Mexico,Mexico City,Everyone knows that the capital of Mexico is Mexico City.
Russia,Moscow,Moscow is known as the capital city of Russia.
Belgium,Brussels,Brussels is located in Belgium and it is the capital.
India,New Delhi,"In India, the capital city is New Delhi."
Ethiopia,Addis Ababa,Ethiopia has a capital called Addis Ababa.
Italy,Rome,Rome is located in Italy and it is the capital.
Algeria,Algiers,Algiers is located in Algeria and it is the capital.
United Arab Emirates,Abu Dhabi,Abu Dhabi is known as the capital city of United Arab Emirates.
Venezuela,Caracas,The country Venezuela has its capital in Caracas.
Peru,Lima,The country Peru has its capital in Lima.
Switzerland,Bern,Everyone knows that the capital of Switzerland is Bern.
Denmark,Copenhagen,The country Denmark has its capital in Copenhagen.
Japan,Tokyo,Tokyo is located in Japan and it is the capital.
Nigeria,Abuja,Abuja is known as the capital city of Nigeria.
Norway,Oslo,"In Norway, the capital city is Oslo."
Kenya,Nairobi,The city of Nairobi serves as the capital of Kenya.
Colombia,Bogota,Bogota is the capital of Colombia.
Spain,Madrid,Madrid is located in Spain and it is the capital.
Morocco,Rabat,Morocco has a capital called Rabat.
Japan,Tokyo,Tokyo is known as the capital city of Japan.
Greece,Athens,Athens is known as the capital city of Greece.
South Africa,Pretoria,The country South Africa has its capital in Pretoria.
Japan,Tokyo,Everyone knows that the capital of Japan is Tokyo.
Argentina,Buenos Aires,Argentina has a capital called Buenos Aires.
South Korea,Seoul,Seoul is located in South Korea and it is the capital.
Turkey,Ankara,The capital of Turkey is Ankara.
Portugal,Lisbon,Everyone knows that the capital of Portugal is Lisbon.
New Zealand,Wellington,Wellington is located in New Zealand and it is the capital.
Germany,Berlin,Berlin is the capital of Germany.
New Zealand,Wellington,"In New Zealand, the capital city is Wellington."
Italy,Rome,Everyone knows that the capital of Italy is Rome.
New Zealand,Wellington,The capital of New Zealand is Wellington.
United Arab Emirates,Abu Dhabi,United Arab Emirates has a capital called Abu Dhabi.
Oman,Muscat,The city of Muscat serves as the capital of Oman.
Sweden,Stockholm,The capital of Sweden is Stockholm.
Senegal,Dakar,Senegal has a capital called Dakar.
Venezuela,Caracas,"In Venezuela, the capital city is Caracas."
Morocco,Rabat,Morocco has a capital called Rabat.
Brazil,Brasilia,The main capital city of Brazil is Brasilia.
Mexico,Mexico City,Mexico has a capital called Mexico City.
Belgium,Brussels,The main capital city of Belgium is Brussels.
Norway,Oslo,Everyone knows that the capital of Norway is Oslo.
Portugal,Lisbon,Lisbon is the capital of Portugal.
Brazil,Brasilia,Brasilia is known as the capital city of Brazil.
Nigeria,Abuja,The country Nigeria has its capital in Abuja.
Australia,Canberra,Everyone knows that the capital of Australia is Canberra.
Spain,Madrid,Everyone knows that the capital of Spain is Madrid.
Egypt,Cairo,"In Egypt, the capital city is Cairo."
Poland,Warsaw,The capital of Poland is Warsaw.
Kuwait,Kuwait City,The city of Kuwait City serves as the capital of Kuwait.
Japan,Tokyo,The country Japan has its capital in Tokyo.
Netherlands,Amsterdam,Amsterdam is located in Netherlands and it is the capital.
Kuwait,Kuwait City,Everyone knows that the capital of Kuwait is Kuwait City.
Ghana,Accra,Everyone knows that the capital of Ghana is Accra.
Italy,Rome,Rome is the capital of Italy.
Saudi Arabia,Riyadh,The main capital city of Saudi Arabia is Riyadh.
Finland,Helsinki,The country Finland has its capital in Helsinki.
United Arab Emirates,Abu Dhabi,Abu Dhabi is the capital of United Arab Emirates.
Belgium,Brussels,Brussels is located in Belgium and it is the capital.
Belgium,Brussels,Brussels is the capital of Belgium.
Austria,Vienna,Vienna is located in Austria and it is the capital.
Libya,Tripoli,Everyone knows that the capital of Libya is Tripoli.
United Arab Emirates,Abu Dhabi,The main capital city of United Arab Emirates is Abu Dhabi.
Portugal,Lisbon,Everyone knows that the capital of Portugal is Lisbon.
Oman,Muscat,The country Oman has its capital in Muscat.
Spain,Madrid,The country Spain has its capital in Madrid.
Belgium,Brussels,Belgium has a capital called Brussels.
Germany,Berlin,The main capital city of Germany is Berlin.
Portugal,Lisbon,The country Portugal has its capital in Lisbon.
Qatar,Doha,"In Qatar, the capital city is Doha."
Kenya,Nairobi,The city of Nairobi serves as the capital of Kenya.
Colombia,Bogota,Everyone knows that the capital of Colombia is Bogota.
Australia,Canberra,Canberra is located in Australia and it is the capital.
Hungary,Budapest,Budapest is the capital of Hungary.
Turkey,Ankara,The city of Ankara serves as the capital of Turkey.
Ethiopia,Addis Ababa,"In Ethiopia, the capital city is Addis Ababa."
Ireland,Dublin,Everyone knows that the capital of Ireland is Dublin.
Mexico,Mexico City,Mexico has a capital called Mexico City.
China,Beijing,The main capital city of China is Beijing.
United States,Washington,Washington is the capital of United States.
Denmark,Copenhagen,Copenhagen is known as the capital city of Denmark.
Venezuela,Caracas,The main capital city of Venezuela is Caracas.
Chile,Santiago,Chile has a capital called Santiago.
Libya,Tripoli,Tripoli is located in Libya and it is the capital.
Kenya,Nairobi,"In Kenya, the capital city is Nairobi."
Colombia,Bogota,Everyone knows that the capital of Colombia is Bogota.
Indonesia,Jakarta,"In Indonesia, the capital city is Jakarta."
Spain,Madrid,The capital of Spain is Madrid.
Netherlands,Amsterdam,Amsterdam is known as the capital city of Netherlands.
South Korea,Seoul,The city of Seoul serves as the capital of South Korea.
Turkey,Ankara,The city of Ankara serves as the capital of Turkey.
Spain,Madrid,The capital of Spain is Madrid.
Spain,Madrid,The country Spain has its capital in Madrid.
Finland,Helsinki,The main capital city of Finland is Helsinki.
Ethiopia,Addis Ababa,"In Ethiopia, the capital city is Addis Ababa."
Spain,Madrid,The country Spain has its capital in Madrid.
Saudi Arabia,Riyadh,The main capital city of Saudi Arabia is Riyadh.
Egypt,Cairo,Cairo is located in Egypt and it is the capital.
Argentina,Buenos Aires,"In Argentina, the capital city is Buenos Aires."
Australia,Canberra,Canberra is located in Australia and it is the capital.
Ireland,Dublin,Everyone knows that the capital of Ireland is Dublin.
France,Paris,The main capital city of France is Paris.
Algeria,Algiers,Algeria has a capital called Algiers.
Sweden,Stockholm,Stockholm is located in Sweden and it is the capital.
Finland,Helsinki,The country Finland has its capital in Helsinki.
Indonesia,Jakarta,The country Indonesia has its capital in Jakarta.
Portugal,Lisbon,The capital of Portugal is Lisbon.
Oman,Muscat,The capital of Oman is Muscat.
Egypt,Cairo,Cairo is known as the capital city of Egypt.
Algeria,Algiers,Algiers is located in Algeria and it is the capital.
Nigeria,Abuja,Nigeria has a capital called Abuja.
Turkey,Ankara,Ankara is known as the capital city of Turkey.
Oman,Muscat,Oman has a capital called Muscat.
Belgium,Brussels,Brussels is known as the capital city of Belgium.
Indonesia,Jakarta,Everyone knows that the capital of Indonesia is Jakarta.
United Kingdom,London,United Kingdom has a capital called London.
Morocco,Rabat,The main capital city of Morocco is Rabat.
Czech Republic,Prague,Czech Republic has a capital called Prague.
Ethiopia,Addis Ababa,Addis Ababa is the capital of Ethiopia.
New Zealand,Wellington,Wellington is the capital of New Zealand.
Sweden,Stockholm,The country Sweden has its capital in Stockholm.
India,New Delhi,India has a capital called New Delhi.
Tunisia,Tunis,The capital of Tunisia is Tunis.
Libya,Tripoli,Tripoli is the capital of Libya.
Senegal,Dakar,Dakar is located in Senegal and it is the capital.
Finland,Helsinki,The city of Helsinki serves as the capital of Finland.
Venezuela,Caracas,Venezuela has a capital called Caracas.
South Africa,Pretoria,The city of Pretoria serves as the capital of South Africa.
Italy,Rome,Rome is known as the capital city of Italy.
Portugal,Lisbon,Everyone knows that the capital of Portugal is Lisbon.
Belgium,Brussels,"In Belgium, the capital city is Brussels."
France,Paris,The capital of France is Paris.
South Africa,Pretoria,The main capital city of South Africa is Pretoria.
Saudi Arabia,Riyadh,Saudi Arabia has a capital called Riyadh.
Canada,Ottawa,Ottawa is located in Canada and it is the capital.
Ireland,Dublin,The capital of Ireland is Dublin.
Nigeria,Abuja,The city of Abuja serves as the capital of Nigeria.
Kuwait,Kuwait City,The main capital city of Kuwait is Kuwait City.
Venezuela,Caracas,The main capital city of Venezuela is Caracas.
Greece,Athens,The city of Athens serves as the capital of Greece.
Egypt,Cairo,Cairo is located in Egypt and it is the capital.
Sweden,Stockholm,Sweden has a capital called Stockholm.
Czech Republic,Prague,Prague is the capital of Czech Republic.
Norway,Oslo,Oslo is located in Norway and it is the capital.
Hungary,Budapest,The country Hungary has its capital in Budapest.
Chile,Santiago,The capital of Chile is Santiago.
Iran,Tehran,Tehran is the capital of Iran.
Austria,Vienna,Vienna is located in Austria and it is the capital.
Senegal,Dakar,Everyone knows that the capital of Senegal is Dakar.
Germany,Berlin,The country Germany has its capital in Berlin.
Ghana,Accra,"In Ghana, the capital city is Accra."
Mexico,Mexico City,Mexico City is located in Mexico and it is the capital.
Portugal,Lisbon,Everyone knows that the capital of Portugal is Lisbon.
Norway,Oslo,Oslo is known as the capital city of Norway.
South Korea,Seoul,The city of Seoul serves as the capital of South Korea.
Qatar,Doha,Qatar has a capital called Doha.
Finland,Helsinki,The city of Helsinki serves as the capital of Finland.
Germany,Berlin,The country Germany has its capital in Berlin.
Portugal,Lisbon,"In Portugal, the capital city is Lisbon."
Egypt,Cairo,Egypt has a capital called Cairo.
Mexico,Mexico City,The main capital city of Mexico is Mexico City.
China,Beijing,The city of Beijing serves as the capital of China.
Venezuela,Caracas,"In Venezuela, the capital city is Caracas."
Oman,Muscat,Everyone knows that the capital of Oman is Muscat.
Poland,Warsaw,"In Poland, the capital city is Warsaw."
United States,Washington,United States has a capital called Washington.
Spain,Madrid,The city of Madrid serves as the capital of Spain.
Hungary,Budapest,The capital of Hungary is Budapest.
Argentina,Buenos Aires,Argentina has a capital called Buenos Aires.
Sweden,Stockholm,"In Sweden, the capital city is Stockholm."
Austria,Vienna,Austria has a capital called Vienna.
Peru,Lima,Everyone knows that the capital of Peru is Lima.
Peru,Lima,The main capital city of Peru is Lima.
Ireland,Dublin,The city of Dublin serves as the capital of Ireland.
Sweden,Stockholm,Sweden has a capital called Stockholm.
Ireland,Dublin,"In Ireland, the capital city is Dublin."
Portugal,Lisbon,The main capital city of Portugal is Lisbon.
Kuwait,Kuwait City,Everyone knows that the capital of Kuwait is Kuwait City.
South Korea,Seoul,"In South Korea, the capital city is Seoul."
Venezuela,Caracas,"In Venezuela, the capital city is Caracas."
Mexico,Mexico City,Mexico has a capital called Mexico City.
Germany,Berlin,The main capital city of Germany is Berlin.
Finland,Helsinki,"In Finland, the capital city is Helsinki."
Argentina,Buenos Aires,Buenos Aires is known as the capital city of Argentina.
Czech Republic,Prague,Everyone knows that the capital of Czech Republic is Prague.
Ethiopia,Addis Ababa,The main capital city of Ethiopia is Addis Ababa.
Saudi Arabia,Riyadh,Everyone knows that the capital of Saudi Arabia is Riyadh.
Indonesia,Jakarta,Jakarta is known as the capital city of Indonesia.
Portugal,Lisbon,The capital of Portugal is Lisbon.
France,Paris,France has a capital called Paris.
Norway,Oslo,Oslo is the capital of Norway.
Brazil,Brasilia,Brasilia is known as the capital city of Brazil.
Ghana,Accra,The main capital city of Ghana is Accra.
India,New Delhi,"In India, the capital city is New Delhi."
Denmark,Copenhagen,The city of Copenhagen serves as the capital of Denmark.
China,Beijing,China has a capital called Beijing.
United States,Washington,Washington is located in United States and it is the capital.
Austria,Vienna,The main capital city of Austria is Vienna.
Turkey,Ankara,The country Turkey has its capital in Ankara.
Ghana,Accra,Ghana has a capital called Accra.
Russia,Moscow,Moscow is located in Russia and it is the capital.
Chile,Santiago,The country Chile has its capital in Santiago.
Italy,Rome,Everyone knows that the capital of Italy is Rome.
Peru,Lima,Lima is the capital of Peru.
Oman,Muscat,The country Oman has its capital in Muscat.
Sweden,Stockholm,The country Sweden has its capital in Stockholm.
Senegal,Dakar,"In Senegal, the capital city is Dakar."
Norway,Oslo,Oslo is the capital of Norway.
Qatar,Doha,Qatar has a capital called Doha.
United Arab Emirates,Abu Dhabi,Abu Dhabi is known as the capital city of United Arab Emirates.
Brazil,Brasilia,Brasilia is known as the capital city of Brazil.
Peru,Lima,"In Peru, the capital city is Lima."
Tunisia,Tunis,The capital of Tunisia is Tunis.
United Kingdom,London,Everyone knows that the capital of United Kingdom is London.
New Zealand,Wellington,The country New Zealand has its capital in Wellington.
South Korea,Seoul,Everyone knows that the capital of South Korea is Seoul.
Indonesia,Jakarta,Jakarta is known as the capital city of Indonesia.
Czech Republic,Prague,Czech Republic has a capital called Prague.
Portugal,Lisbon,The city of Lisbon serves as the capital of Portugal.
Qatar,Doha,The country Qatar has its capital in Doha.
United States,Washington,"In United States, the capital city is Washington."
Libya,Tripoli,Everyone knows that the capital of Libya is Tripoli.
Portugal,Lisbon,The country Portugal has its capital in Lisbon.
India,New Delhi,India has a capital called New Delhi.
South Africa,Pretoria,"In South Africa, the capital city is Pretoria."
Poland,Warsaw,The main capital city of Poland is Warsaw.
United Arab Emirates,Abu Dhabi,Everyone knows that the capital of United Arab Emirates is Abu Dhabi.
Oman,Muscat,Muscat is the capital of Oman.
Algeria,Algiers,The main capital city of Algeria is Algiers.
Colombia,Bogota,The city of Bogota serves as the capital of Colombia.
South Africa,Pretoria,Everyone knows that the capital of South Africa is Pretoria.
Japan,Tokyo,Tokyo is known as the capital city of Japan.
Turkey,Ankara,"In Turkey, the capital city is Ankara."
Russia,Moscow,"In Russia, the capital city is Moscow."
Mexico,Mexico City,The country Mexico has its capital in Mexico City.
Norway,Oslo,The capital of Norway is Oslo.
China,Beijing,The main capital city of China is Beijing.
Chile,Santiago,Santiago is known as the capital city of Chile.
France,Paris,The country France has its capital in Paris.
Tunisia,Tunis,"In Tunisia, the capital city is Tunis."
Greece,Athens,The country Greece has its capital in Athens.
Russia,Moscow,Everyone knows that the capital of Russia is Moscow.
Denmark,Copenhagen,The city of Copenhagen serves as the capital of Denmark.
Switzerland,Bern,The capital of Switzerland is Bern.
Spain,Madrid,Everyone knows that the capital of Spain is Madrid.
Morocco,Rabat,The capital of Morocco is Rabat.
Venezuela,Caracas,Everyone knows that the capital of Venezuela is Caracas.
Canada,Ottawa,Ottawa is located in Canada and it is the capital.
Kuwait,Kuwait City,Kuwait City is known as the capital city of Kuwait.
Czech Republic,Prague,Prague is the capital of Czech Republic.
Brazil,Brasilia,The main capital city of Brazil is Brasilia.
Greece,Athens,The country Greece has its capital in Athens.
Czech Republic,Prague,The main capital city of Czech Republic is Prague.
Algeria,Algiers,Algiers is located in Algeria and it is the capital.
Chile,Santiago,Santiago is known as the capital city of Chile.
Kenya,Nairobi,The city of Nairobi serves as the capital of Kenya.
France,Paris,The capital of France is Paris.
Oman,Muscat,Muscat is located in Oman and it is the capital.
Chile,Santiago,Everyone knows that the capital of Chile is Santiago.
Iran,Tehran,Iran has a capital called Tehran.
Norway,Oslo,Everyone knows that the capital of Norway is Oslo.
Poland,Warsaw,Warsaw is located in Poland and it is the capital.
United Kingdom,London,United Kingdom has a capital called London.
Russia,Moscow,Moscow is known as the capital city of Russia.
South Africa,Pretoria,"In South Africa, the capital city is Pretoria."
Kuwait,Kuwait City,Kuwait City is located in Kuwait and it is the capital.
Senegal,Dakar,The country Senegal has its capital in Dakar.
Sweden,Stockholm,"In Sweden, the capital city is Stockholm."
China,Beijing,"In China, the capital city is Beijing."
Portugal,Lisbon,Lisbon is known as the capital city of Portugal.
Finland,Helsinki,Helsinki is located in Finland and it is the capital.
Indonesia,Jakarta,The capital of Indonesia is Jakarta.
Ethiopia,Addis Ababa,Everyone knows that the capital of Ethiopia is Addis Ababa.
United Kingdom,London,The main capital city of United Kingdom is London.
United Arab Emirates,Abu Dhabi,Abu Dhabi is located in United Arab Emirates and it is the capital.
Oman,Muscat,Muscat is located in Oman and it is the capital.
Mexico,Mexico City,The city of Mexico City serves as the capital of Mexico.
Qatar,Doha,Doha is the capital of Qatar.
Japan,Tokyo,Tokyo is located in Japan and it is the capital.
Italy,Rome,The capital of Italy is Rome.
Argentina,Buenos Aires,Everyone knows that the capital of Argentina is Buenos Aires.
United Arab Emirates,Abu Dhabi,The country United Arab Emirates has its capital in Abu Dhabi.
China,Beijing,The main capital city of China is Beijing.
Russia,Moscow,Everyone knows that the capital of Russia is Moscow.
Algeria,Algiers,The capital of Algeria is Algiers.
China,Beijing,Beijing is located in China and it is the capital.
Spain,Madrid,"In Spain, the capital city is Madrid."
Kuwait,Kuwait City,Kuwait City is known as the capital city of Kuwait.
Austria,Vienna,The city of Vienna serves as the capital of Austria.
Denmark,Copenhagen,Everyone knows that the capital of Denmark is Copenhagen.
Germany,Berlin,The city of Berlin serves as the capital of Germany.
Russia,Moscow,"In Russia, the capital city is Moscow."
United Kingdom,London,London is the capital of United Kingdom.
Austria,Vienna,Vienna is known as the capital city of Austria.
Venezuela,Caracas,The capital of Venezuela is Caracas.
Mexico,Mexico City,Mexico has a capital called Mexico City.
Nigeria,Abuja,Abuja is located in Nigeria and it is the capital.
South Africa,Pretoria,Pretoria is known as the capital city of South Africa.
Peru,Lima,The main capital city of Peru is Lima.
Netherlands,Amsterdam,The city of Amsterdam serves as the capital of Netherlands.
Germany,Berlin,"In Germany, the capital city is Berlin."
India,New Delhi,Everyone knows that the capital of India is New Delhi.
Netherlands,Amsterdam,Everyone knows that the capital of Netherlands is Amsterdam.
Thailand,Bangkok,Bangkok is located in Thailand and it is the capital.
Spain,Madrid,The capital of Spain is Madrid.
Switzerland,Bern,The main capital city of Switzerland is Bern.
Libya,Tripoli,Tripoli is known as the capital city of Libya.
United States,Washington,The capital of United States is Washington.
South Korea,Seoul,Seoul is known as the capital city of South Korea.
Algeria,Algiers,The capital of Algeria is Algiers.
Morocco,Rabat,The main capital city of Morocco is Rabat.
Spain,Madrid,Everyone knows that the capital of Spain is Madrid.
Denmark,Copenhagen,Denmark has a capital called Copenhagen.
South Korea,Seoul,The city of Seoul serves as the capital of South Korea.
Qatar,Doha,Doha is known as the capital city of Qatar.
Ghana,Accra,The country Ghana has its capital in Accra.
Ireland,Dublin,Dublin is the capital of Ireland.
France,Paris,The country France has its capital in Paris.
Ethiopia,Addis Ababa,Everyone knows that the capital of Ethiopia is Addis Ababa.
Turkey,Ankara,Ankara is the capital of Turkey.
Mexico,Mexico City,Mexico has a capital called Mexico City.
Chile,Santiago,Chile has a capital called Santiago.
Turkey,Ankara,The country Turkey has its capital in Ankara.
Senegal,Dakar,The capital of Senegal is Dakar.
Thailand,Bangkok,The city of Bangkok serves as the capital of Thailand.
Mexico,Mexico City,Everyone knows that the capital of Mexico is Mexico City.
United States,Washington,The main capital city of United States is Washington.
New Zealand,Wellington,The main capital city of New Zealand is Wellington.
Oman,Muscat,The capital of Oman is Muscat.
France,Paris,The city of Paris serves as the capital of France.
Brazil,Brasilia,Brasilia is known as the capital city of Brazil.
Australia,Canberra,The main capital city of Australia is Canberra.
Hungary,Budapest,Hungary has a capital called Budapest.
United Kingdom,London,The country United Kingdom has its capital in London.
Japan,Tokyo,The capital of Japan is Tokyo.
Spain,Madrid,Madrid is located in Spain and it is the capital.
Peru,Lima,Lima is located in Peru and it is the capital.
Tunisia,Tunis,Tunis is known as the capital city of Tunisia.
India,New Delhi,The city of New Delhi serves as the capital of India.
Oman,Muscat,The main capital city of Oman is Muscat.
Denmark,Copenhagen,Copenhagen is the capital of Denmark.
Australia,Canberra,Canberra is the capital of Australia.
Senegal,Dakar,Dakar is the capital of Senegal.
Qatar,Doha,The city of Doha serves as the capital of Qatar.
Iran,Tehran,Iran has a capital called Tehran.
Switzerland,Bern,Bern is located in Switzerland and it is the capital.
Argentina,Buenos Aires,Buenos Aires is known as the capital city of Argentina.
Algeria,Algiers,The capital of Algeria is Algiers.
Belgium,Brussels,The main capital city of Belgium is Brussels.
Poland,Warsaw,Everyone knows that the capital of Poland is Warsaw.
Oman,Muscat,The main capital city of Oman is Muscat.
Canada,Ottawa,The country Canada has its capital in Ottawa.
Venezuela,Caracas,Caracas is known as the capital city of Venezuela.
Hungary,Budapest,The country Hungary has its capital in Budapest.
Brazil,Brasilia,Brasilia is known as the capital city of Brazil.
Germany,Berlin,Germany has a capital called Berlin.
Iran,Tehran,The country Iran has its capital in Tehran.
Ghana,Accra,Accra is the capital of Ghana.
Portugal,Lisbon,The country Portugal has its capital in Lisbon.
Senegal,Dakar,Dakar is located in Senegal and it is the capital.
New Zealand,Wellington,The capital of New Zealand is Wellington.
Norway,Oslo,The main capital city of Norway is Oslo.
Oman,Muscat,Oman has a capital called Muscat.
Morocco,Rabat,Everyone knows that the capital of Morocco is Rabat.
Ghana,Accra,"In Ghana, the capital city is Accra."
Finland,Helsinki,Everyone knows that the capital of Finland is Helsinki.
Argentina,Buenos Aires,The city of Buenos Aires serves as the capital of Argentina.
China,Beijing,The city of Beijing serves as the capital of China.
Portugal,Lisbon,Everyone knows that the capital of Portugal is Lisbon.
Netherlands,Amsterdam,Netherlands has a capital called Amsterdam.
Portugal,Lisbon,The city of Lisbon serves as the capital of Portugal.
Norway,Oslo,The capital of Norway is Oslo.
New Zealand,Wellington,The city of Wellington serves as the capital of New Zealand.
Ghana,Accra,Accra is known as the capital city of Ghana.
Poland,Warsaw,Poland has a capital called Warsaw.
Sweden,Stockholm,Sweden has a capital called Stockholm.
Saudi Arabia,Riyadh,The capital of Saudi Arabia is Riyadh.
Morocco,Rabat,The city of Rabat serves as the capital of Morocco.
France,Paris,The capital of France is Paris.
Czech Republic,Prague,The main capital city of Czech Republic is Prague.
Hungary,Budapest,The country Hungary has its capital in Budapest.
Austria,Vienna,Vienna is the capital of Austria.
Ghana,Accra,Ghana has a capital called Accra.
New Zealand,Wellington,The capital of New Zealand is Wellington.
Senegal,Dakar,"In Senegal, the capital city is Dakar."
Libya,Tripoli,The capital of Libya is Tripoli.
Venezuela,Caracas,Caracas is the capital of Venezuela.
Japan,Tokyo,The main capital city of Japan is Tokyo.
Switzerland,Bern,Everyone knows that the capital of Switzerland is Bern.
Austria,Vienna,The main capital city of Austria is Vienna.
Greece,Athens,Greece has a capital called Athens.
Portugal,Lisbon,Lisbon is located in Portugal and it is the capital.
Spain,Madrid,Madrid is known as the capital city of Spain.
Ireland,Dublin,Dublin is known as the capital city of Ireland.
Poland,Warsaw,Poland has a capital called Warsaw.
Oman,Muscat,Muscat is the capital of Oman.
United Arab Emirates,Abu Dhabi,United Arab Emirates has a capital called Abu Dhabi.
China,Beijing,The country China has its capital in Beijing.
Peru,Lima,Lima is known as the capital city of Peru.
Finland,Helsinki,"In Finland, the capital city is Helsinki."
United States,Washington,"In United States, the capital city is Washington."
Austria,Vienna,The main capital city of Austria is Vienna.
Czech Republic,Prague,Prague is the capital of Czech Republic.
Venezuela,Caracas,Caracas is known as the capital city of Venezuela.
Ghana,Accra,Accra is known as the capital city of Ghana.
Senegal,Dakar,The main capital city of Senegal is Dakar.
Senegal,Dakar,"In Senegal, the capital city is Dakar."
Venezuela,Caracas,"In Venezuela, the capital city is Caracas."
United States,Washington,The main capital city of United States is Washington.
Portugal,Lisbon,Lisbon is known as the capital city of Portugal.
Thailand,Bangkok,Thailand has a capital called Bangkok.
Ireland,Dublin,"In Ireland, the capital city is Dublin."
Iran,Tehran,The city of Tehran serves as the capital of Iran.
Belgium,Brussels,The country Belgium has its capital in Brussels.
Saudi Arabia,Riyadh,Everyone knows that the capital of Saudi Arabia is Riyadh.
Colombia,Bogota,The main capital city of Colombia is Bogota.
Japan,Tokyo,Tokyo is located in Japan and it is the capital.
United Kingdom,London,"In United Kingdom, the capital city is London."
Senegal,Dakar,Dakar is the capital of Senegal.
United States,Washington,The capital of United States is Washington.
Belgium,Brussels,The country Belgium has its capital in Brussels.
Turkey,Ankara,The city of Ankara serves as the capital of Turkey.
Ghana,Accra,Everyone knows that the capital of Ghana is Accra.
Egypt,Cairo,Egypt has a capital called Cairo.
Venezuela,Caracas,The city of Caracas serves as the capital of Venezuela.
Denmark,Copenhagen,Copenhagen is known as the capital city of Denmark.
South Africa,Pretoria,The city of Pretoria serves as the capital of South Africa.
Canada,Ottawa,The country Canada has its capital in Ottawa.
Japan,Tokyo,Japan has a capital called Tokyo.
Germany,Berlin,The capital of Germany is Berlin.
Japan,Tokyo,Tokyo is known as the capital city of Japan.
Venezuela,Caracas,The country Venezuela has its capital in Caracas.
United Kingdom,London,The country United Kingdom has its capital in London.
South Korea,Seoul,South Korea has a capital called Seoul.
Egypt,Cairo,Cairo is located in Egypt and it is the capital.
India,New Delhi,New Delhi is known as the capital city of India.
United Kingdom,London,London is located in United Kingdom and it is the capital.
Turkey,Ankara,Ankara is known as the capital city of Turkey.
Brazil,Brasilia,The city of Brasilia serves as the capital of Brazil.
Nigeria,Abuja,Abuja is known as the capital city of Nigeria.
Kuwait,Kuwait City,Kuwait City is known as the capital city of Kuwait.
Qatar,Doha,Doha is known as the capital city of Qatar.
Egypt,Cairo,The country Egypt has its capital in Cairo.
Algeria,Algiers,"In Algeria, the capital city is Algiers."
Australia,Canberra,The main capital city of Australia is Canberra.
Kuwait,Kuwait City,The city of Kuwait City serves as the capital of Kuwait.
Indonesia,Jakarta,The capital of Indonesia is Jakarta.
Portugal,Lisbon,Lisbon is the capital of Portugal.
Ireland,Dublin,Everyone knows that the capital of Ireland is Dublin.
Switzerland,Bern,The city of Bern serves as the capital of Switzerland.
South Africa,Pretoria,"In South Africa, the capital city is Pretoria."
New Zealand,Wellington,"In New Zealand, the capital city is Wellington."
Iran,Tehran,The main capital city of Iran is Tehran.
Hungary,Budapest,Budapest is known as the capital city of Hungary.
United States,Washington,"In United States, the capital city is Washington."
Oman,Muscat,The city of Muscat serves as the capital of Oman.
France,Paris,The country France has its capital in Paris.
France,Paris,The city of Paris serves as the capital of France.
Sweden,Stockholm,"In Sweden, the capital city is Stockholm."
Tunisia,Tunis,Tunis is located in Tunisia and it is the capital.
Denmark,Copenhagen,Copenhagen is located in Denmark and it is the capital.
Nigeria,Abuja,The city of Abuja serves as the capital of Nigeria.
South Africa,Pretoria,South Africa has a capital called Pretoria.
Finland,Helsinki,The country Finland has its capital in Helsinki.
Argentina,Buenos Aires,"In Argentina, the capital city is Buenos Aires."
Germany,Berlin,The capital of Germany is Berlin.
Saudi Arabia,Riyadh,Riyadh is known as the capital city of Saudi Arabia.
Switzerland,Bern,The main capital city of Switzerland is Bern.
Indonesia,Jakarta,Indonesia has a capital called Jakarta.
Denmark,Copenhagen,The country Denmark has its capital in Copenhagen.
United States,Washington,Everyone knows that the capital of United States is Washington.
Austria,Vienna,Everyone knows that the capital of Austria is Vienna.
Ethiopia,Addis Ababa,Addis Ababa is the capital of Ethiopia.
Saudi Arabia,Riyadh,Riyadh is the capital of Saudi Arabia.
Canada,Ottawa,"In Canada, the capital city is Ottawa."
Finland,Helsinki,Helsinki is the capital of Finland.
Ireland,Dublin,Dublin is known as the capital city of Ireland.
India,New Delhi,New Delhi is located in India and it is the capital.
Norway,Oslo,Norway has a capital called Oslo.
Canada,Ottawa,The country Canada has its capital in Ottawa.
Poland,Warsaw,Everyone knows that the capital of Poland is Warsaw.
Colombia,Bogota,Everyone knows that the capital of Colombia is Bogota.
Australia,Canberra,Canberra is known as the capital city of Australia.
Netherlands,Amsterdam,The city of Amsterdam serves as the capital of Netherlands.
Qatar,Doha,The country Qatar has its capital in Doha.
Portugal,Lisbon,The city of Lisbon serves as the capital of Portugal.
Argentina,Buenos Aires,Buenos Aires is known as the capital city of Argentina.
Chile,Santiago,The capital of Chile is Santiago.
Norway,Oslo,The country Norway has its capital in Oslo.
Ethiopia,Addis Ababa,Addis Ababa is known as the capital city of Ethiopia.
Japan,Tokyo,Japan has a capital called Tokyo.
South Korea,Seoul,The country South Korea has its capital in Seoul.
Austria,Vienna,Everyone knows that the capital of Austria is Vienna.
France,Paris,"In France, the capital city is Paris."
Venezuela,Caracas,Everyone knows that the capital of Venezuela is Caracas.
Qatar,Doha,"In Qatar, the capital city is Doha."
Morocco,Rabat,The capital of Morocco is Rabat.
Saudi Arabia,Riyadh,Riyadh is the capital of Saudi Arabia.
Qatar,Doha,The country Qatar has its capital in Doha.
Greece,Athens,Athens is located in Greece and it is the capital.
Chile,Santiago,The capital of Chile is Santiago.
Turkey,Ankara,The main capital city of Turkey is Ankara.
Indonesia,Jakarta,Jakarta is located in Indonesia and it is the capital.
Kuwait,Kuwait City,The city of Kuwait City serves as the capital of Kuwait.
Saudi Arabia,Riyadh,Saudi Arabia has a capital called Riyadh.
Kuwait,Kuwait City,The country Kuwait has its capital in Kuwait City.
New Zealand,Wellington,Everyone knows that the capital of New Zealand is Wellington.
Sweden,Stockholm,The country Sweden has its capital in Stockholm.
Czech Republic,Prague,Prague is the capital of Czech Republic.
South Africa,Pretoria,The capital of South Africa is Pretoria.
Morocco,Rabat,The main capital city of Morocco is Rabat.
United Arab Emirates,Abu Dhabi,Abu Dhabi is the capital of United Arab Emirates.
Switzerland,Bern,Bern is located in Switzerland and it is the capital.
Kenya,Nairobi,The main capital city of Kenya is Nairobi.
India,New Delhi,New Delhi is the capital of India.
South Africa,Pretoria,"In South Africa, the capital city is Pretoria."
Poland,Warsaw,Warsaw is known as the capital city of Poland.
Morocco,Rabat,Rabat is located in Morocco and it is the capital.
Nigeria,Abuja,Everyone knows that the capital of Nigeria is Abuja.
Norway,Oslo,Oslo is located in Norway and it is the capital.
Denmark,Copenhagen,Denmark has a capital called Copenhagen.
Iran,Tehran,Tehran is known as the capital city of Iran.
France,Paris,The country France has its capital in Paris.
Qatar,Doha,The main capital city of Qatar is Doha.
Venezuela,Caracas,The city of Caracas serves as the capital of Venezuela.
Kuwait,Kuwait City,The country Kuwait has its capital in Kuwait City.
Venezuela,Caracas,Everyone knows that the capital of Venezuela is Caracas.
China,Beijing,The main capital city of China is Beijing.
Sweden,Stockholm,Stockholm is the capital of Sweden.
Belgium,Brussels,"In Belgium, the capital city is Brussels."
Germany,Berlin,Germany has a capital called Berlin.
South Korea,Seoul,Seoul is known as the capital city of South Korea.
Egypt,Cairo,The main capital city of Egypt is Cairo.
Australia,Canberra,Canberra is the capital of Australia.
Argentina,Buenos Aires,The city of Buenos Aires serves as the capital of Argentina.
United Kingdom,London,"In United Kingdom, the capital city is London."
Canada,Ottawa,Canada has a capital called Ottawa.
Peru,Lima,The city of Lima serves as the capital of Peru.
France,Paris,The country France has its capital in Paris.
Greece,Athens,Athens is known as the capital city of Greece.
Belgium,Brussels,The main capital city of Belgium is Brussels.
Turkey,Ankara,The country Turkey has its capital in Ankara.
Norway,Oslo,The main capital city of Norway is Oslo.
Colombia,Bogota,Colombia has a capital called Bogota.
Japan,Tokyo,Tokyo is the capital of Japan.
Poland,Warsaw,Warsaw is the capital of Poland.
Germany,Berlin,The main capital city of Germany is Berlin.
Mexico,Mexico City,The capital of Mexico is Mexico City.
Italy,Rome,The main capital city of Italy is Rome.
Colombia,Bogota,The main capital city of Colombia is Bogota.
Nigeria,Abuja,Everyone knows that the capital of Nigeria is Abuja.
Netherlands,Amsterdam,Amsterdam is located in Netherlands and it is the capital.
Indonesia,Jakarta,The main capital city of Indonesia is Jakarta.
India,New Delhi,The country India has its capital in New Delhi.
Sweden,Stockholm,Stockholm is known as the capital city of Sweden.
Senegal,Dakar,The country Senegal has its capital in Dakar.
Mexico,Mexico City,Everyone knows that the capital of Mexico is Mexico City.
Brazil,Brasilia,Brasilia is known as the capital city of Brazil.
Ireland,Dublin,Ireland has a capital called Dublin.
Thailand,Bangkok,"In Thailand, the capital city is Bangkok."
Colombia,Bogota,The capital of Colombia is Bogota.
Chile,Santiago,Santiago is the capital of Chile.
Thailand,Bangkok,Everyone knows that the capital of Thailand is Bangkok.
Senegal,Dakar,Dakar is the capital of Senegal.
Mexico,Mexico City,Mexico has a capital called Mexico City.
Hungary,Budapest,Budapest is the capital of Hungary.
Algeria,Algiers,"In Algeria, the capital city is Algiers."
Saudi Arabia,Riyadh,Everyone knows that the capital of Saudi Arabia is Riyadh.
Austria,Vienna,Vienna is known as the capital city of Austria.
Germany,Berlin,"In Germany, the capital city is Berlin."
Austria,Vienna,The main capital city of Austria is Vienna.
Hungary,Budapest,The main capital city of Hungary is Budapest.
Senegal,Dakar,The country Senegal has its capital in Dakar.
Ghana,Accra,"In Ghana, the capital city is Accra."
Canada,Ottawa,Ottawa is the capital of Canada.
South Korea,Seoul,South Korea has a capital called Seoul.
New Zealand,Wellington,The city of Wellington serves as the capital of New Zealand.
Australia,Canberra,Canberra is the capital of Australia.
Turkey,Ankara,The capital of Turkey is Ankara.
South Africa,Pretoria,The main capital city of South Africa is Pretoria.
Germany,Berlin,The city of Berlin serves as the capital of Germany.
Japan,Tokyo,The country Japan has its capital in Tokyo.
Poland,Warsaw,Everyone knows that the capital of Poland is Warsaw.
Hungary,Budapest,Everyone knows that the capital of Hungary is Budapest.
India,New Delhi,The city of New Delhi serves as the capital of India.
Morocco,Rabat,The main capital city of Morocco is Rabat.
Ireland,Dublin,The main capital city of Ireland is Dublin.
United States,Washington,Washington is known as the capital city of United States.
Sweden,Stockholm,Stockholm is known as the capital city of Sweden.
South Africa,Pretoria,"In South Africa, the capital city is Pretoria."
Poland,Warsaw,Poland has a capital called Warsaw.
Morocco,Rabat,The city of Rabat serves as the capital of Morocco.
Iran,Tehran,The city of Tehran serves as the capital of Iran.
Qatar,Doha,Qatar has a capital called Doha.
Turkey,Ankara,Ankara is located in Turkey and it is the capital.
Morocco,Rabat,The city of Rabat serves as the capital of Morocco.
Kuwait,Kuwait City,The capital of Kuwait is Kuwait City.
Spain,Madrid,"In Spain, the capital city is Madrid."
Egypt,Cairo,Cairo is located in Egypt and it is the capital.
Norway,Oslo,The country Norway has its capital in Oslo.
Colombia,Bogota,Bogota is known as the capital city of Colombia.
Venezuela,Caracas,Venezuela has a capital called Caracas.
South Africa,Pretoria,Everyone knows that the capital of South Africa is Pretoria.
United States,Washington,United States has a capital called Washington.
Algeria,Algiers,Everyone knows that the capital of Algeria is Algiers.
Finland,Helsinki,The capital of Finland is Helsinki.
Ethiopia,Addis Ababa,Addis Ababa is the capital of Ethiopia.
Hungary,Budapest,"In Hungary, the capital city is Budapest."
Tunisia,Tunis,Everyone knows that the capital of Tunisia is Tunis.
Egypt,Cairo,Egypt has a capital called Cairo.
United States,Washington,Washington is the capital of United States.
Senegal,Dakar,Dakar is known as the capital city of Senegal.
Czech Republic,Prague,"In Czech Republic, the capital city is Prague."
Turkey,Ankara,The main capital city of Turkey is Ankara.
South Africa,Pretoria,Pretoria is the capital of South Africa.
South Korea,Seoul,The country South Korea has its capital in Seoul.
Venezuela,Caracas,The city of Caracas serves as the capital of Venezuela.
Libya,Tripoli,The main capital city of Libya is Tripoli.
Chile,Santiago,Santiago is located in Chile and it is the capital.
Brazil,Brasilia,Brasilia is located in Brazil and it is the capital.
Egypt,Cairo,Cairo is the capital of Egypt.
Chile,Santiago,Chile has a capital called Santiago.
Denmark,Copenhagen,The main capital city of Denmark is Copenhagen.
Senegal,Dakar,The main capital city of Senegal is Dakar.
Portugal,Lisbon,Lisbon is known as the capital city of Portugal.
Iran,Tehran,Tehran is located in Iran and it is the capital.
Czech Republic,Prague,Prague is located in Czech Republic and it is the capital.
Netherlands,Amsterdam,The country Netherlands has its capital in Amsterdam.
France,Paris,The country France has its capital in Paris.
Iran,Tehran,The capital of Iran is Tehran.
Morocco,Rabat,The city of Rabat serves as the capital of Morocco.
India,New Delhi,The city of New Delhi serves as the capital of India.
Peru,Lima,Everyone knows that the capital of Peru is Lima.
Greece,Athens,The capital of Greece is Athens.
Nigeria,Abuja,Abuja is known as the capital city of Nigeria.
Chile,Santiago,Santiago is located in Chile and it is the capital.
Colombia,Bogota,Bogota is known as the capital city of Colombia.
Austria,Vienna,Everyone knows that the capital of Austria is Vienna.
Chile,Santiago,The capital of Chile is Santiago.
Morocco,Rabat,Everyone knows that the capital of Morocco is Rabat.
South Korea,Seoul,The country South Korea has its capital in Seoul.
Canada,Ottawa,Ottawa is the capital of Canada.
Hungary,Budapest,Budapest is located in Hungary and it is the capital.
Indonesia,Jakarta,Jakarta is the capital of Indonesia.
Spain,Madrid,Madrid is located in Spain and it is the capital.
Denmark,Copenhagen,The city of Copenhagen serves as the capital of Denmark.
Mexico,Mexico City,"In Mexico, the capital city is Mexico City."
Venezuela,Caracas,The country Venezuela has its capital in Caracas.
Ethiopia,Addis Ababa,Ethiopia has a capital called Addis Ababa.
Kenya,Nairobi,"In Kenya, the capital city is Nairobi."
Denmark,Copenhagen,Denmark has a capital called Copenhagen.
United Kingdom,London,London is known as the capital city of United Kingdom.
Ghana,Accra,Accra is the capital of Ghana.
Thailand,Bangkok,Bangkok is the capital of Thailand.
Netherlands,Amsterdam,Everyone knows that the capital of Netherlands is Amsterdam.
Hungary,Budapest,Budapest is known as the capital city of Hungary.
Russia,Moscow,Moscow is the capital of Russia.
Kenya,Nairobi,Everyone knows that the capital of Kenya is Nairobi.
Spain,Madrid,The main capital city of Spain is Madrid.
Morocco,Rabat,The main capital city of Morocco is Rabat.
Brazil,Brasilia,Brazil has a capital called Brasilia.
United States,Washington,Everyone knows that the capital of United States is Washington.
Norway,Oslo,The capital of Norway is Oslo.
Spain,Madrid,Madrid is known as the capital city of Spain.
United Arab Emirates,Abu Dhabi,The capital of United Arab Emirates is Abu Dhabi.
Thailand,Bangkok,Everyone knows that the capital of Thailand is Bangkok.
Indonesia,Jakarta,Jakarta is the capital of Indonesia.
France,Paris,Everyone knows that the capital of France is Paris.
Denmark,Copenhagen,"In Denmark, the capital city is Copenhagen."
Canada,Ottawa,Canada has a capital called Ottawa.
New Zealand,Wellington,The capital of New Zealand is Wellington.
Peru,Lima,The main capital city of Peru is Lima.
Denmark,Copenhagen,"In Denmark, the capital city is Copenhagen."
Canada,Ottawa,The city of Ottawa serves as the capital of Canada.
United Arab Emirates,Abu Dhabi,Abu Dhabi is located in United Arab Emirates and it is the capital.
Hungary,Budapest,Hungary has a capital called Budapest.
Greece,Athens,The capital of Greece is Athens.
United Kingdom,London,United Kingdom has a capital called London.
Mexico,Mexico City,The capital of Mexico is Mexico City.
Denmark,Copenhagen,Copenhagen is located in Denmark and it is the capital.
Egypt,Cairo,Cairo is located in Egypt and it is the capital.
Libya,Tripoli,The main capital city of Libya is Tripoli.
Libya,Tripoli,"In Libya, the capital city is Tripoli."
Italy,Rome,Everyone knows that the capital of Italy is Rome.
India,New Delhi,The capital of India is New Delhi.
Brazil,Brasilia,Brasilia is the capital of Brazil.
Algeria,Algiers,Algiers is located in Algeria and it is the capital.
Japan,Tokyo,The main capital city of Japan is Tokyo.
United States,Washington,Washington is known as the capital city of United States.
Chile,Santiago,The capital of Chile is Santiago.
United Kingdom,London,United Kingdom has a capital called London.
Libya,Tripoli,"In Libya, the capital city is Tripoli."
South Korea,Seoul,Seoul is known as the capital city of South Korea.
South Africa,Pretoria,The city of Pretoria serves as the capital of South Africa.
Argentina,Buenos Aires,Argentina has a capital called Buenos Aires.
Hungary,Budapest,The main capital city of Hungary is Budapest.
Colombia,Bogota,The city of Bogota serves as the capital of Colombia.
Nigeria,Abuja,The city of Abuja serves as the capital of Nigeria.
Portugal,Lisbon,The main capital city of Portugal is Lisbon.
Germany,Berlin,Germany has a capital called Berlin.
Austria,Vienna,The city of Vienna serves as the capital of Austria.
Russia,Moscow,The country Russia has its capital in Moscow.
South Africa,Pretoria,The country South Africa has its capital in Pretoria.
Peru,Lima,The country Peru has its capital in Lima.
South Africa,Pretoria,South Africa has a capital called Pretoria.
Kuwait,Kuwait City,Kuwait has a capital called Kuwait City.
Portugal,Lisbon,Everyone knows that the capital of Portugal is Lisbon.
Italy,Rome,The country Italy has its capital in Rome.
Hungary,Budapest,Budapest is known as the capital city of Hungary.
Norway,Oslo,Oslo is the capital of Norway.
Kenya,Nairobi,Nairobi is the capital of Kenya.
Australia,Canberra,Canberra is located in Australia and it is the capital.
United Arab Emirates,Abu Dhabi,The country United Arab Emirates has its capital in Abu Dhabi.
Norway,Oslo,The country Norway has its capital in Oslo.
Iran,Tehran,"In Iran, the capital city is Tehran."
Russia,Moscow,Moscow is the capital of Russia.
Belgium,Brussels,Brussels is the capital of Belgium.
Tunisia,Tunis,Everyone knows that the capital of Tunisia is Tunis.
Indonesia,Jakarta,Everyone knows that the capital of Indonesia is Jakarta.
Qatar,Doha,Qatar has a capital called Doha.
Ethiopia,Addis Ababa,Addis Ababa is known as the capital city of Ethiopia.
Argentina,Buenos Aires,The main capital city of Argentina is Buenos Aires.
Canada,Ottawa,Canada has a capital called Ottawa.
Belgium,Brussels,Brussels is known as the capital city of Belgium.
Colombia,Bogota,Bogota is the capital of Colombia.
United Arab Emirates,Abu Dhabi,The city of Abu Dhabi serves as the capital of United Arab Emirates.
France,Paris,France has a capital called Paris.
Portugal,Lisbon,The main capital city of Portugal is Lisbon.
Iran,Tehran,The capital of Iran is Tehran.
Iran,Tehran,Iran has a capital called Tehran.
Belgium,Brussels,"In Belgium, the capital city is Brussels."
France,Paris,The city of Paris serves as the capital of France.
Algeria,Algiers,The city of Algiers serves as the capital of Algeria.
Spain,Madrid,Spain has a capital called Madrid.
Algeria,Algiers,The capital of Algeria is Algiers.
Poland,Warsaw,Poland has a capital called Warsaw.
Japan,Tokyo,Tokyo is the capital of Japan.
Kuwait,Kuwait City,"In Kuwait, the capital city is Kuwait City."
Spain,Madrid,The country Spain has its capital in Madrid.
Indonesia,Jakarta,The city of Jakarta serves as the capital of Indonesia.
United States,Washington,Washington is the capital of United States.
United Arab Emirates,Abu Dhabi,Abu Dhabi is located in United Arab Emirates and it is the capital.
Czech Republic,Prague,The country Czech Republic has its capital in Prague.
Brazil,Brasilia,Everyone knows that the capital of Brazil is Brasilia.
New Zealand,Wellington,The city of Wellington serves as the capital of New Zealand.
South Africa,Pretoria,The country South Africa has its capital in Pretoria.
Norway,Oslo,The capital of Norway is Oslo.
Nigeria,Abuja,Abuja is known as the capital city of Nigeria.
Oman,Muscat,The main capital city of Oman is Muscat.
Hungary,Budapest,The country Hungary has its capital in Budapest.
Belgium,Brussels,Brussels is located in Belgium and it is the capital.
Brazil,Brasilia,Brasilia is located in Brazil and it is the capital.
Ethiopia,Addis Ababa,Ethiopia has a capital called Addis Ababa.
Oman,Muscat,Muscat is known as the capital city of Oman.
United Kingdom,London,"In United Kingdom, the capital city is London."
Germany,Berlin,Berlin is the capital of Germany.
Spain,Madrid,The capital of Spain is Madrid.
New Zealand,Wellington,The capital of New Zealand is Wellington.
Poland,Warsaw,Poland has a capital called Warsaw.
South Korea,Seoul,South Korea has a capital called Seoul.
Germany,Berlin,Berlin is the capital of Germany.
Egypt,Cairo,Cairo is the capital of Egypt.
Brazil,Brasilia,The city of Brasilia serves as the capital of Brazil.
Austria,Vienna,Vienna is the capital of Austria.
Denmark,Copenhagen,Copenhagen is known as the capital city of Denmark.
Ireland,Dublin,Dublin is located in Ireland and it is the capital.
Norway,Oslo,Oslo is the capital of Norway.
Japan,Tokyo,Japan has a capital called Tokyo.
China,Beijing,Beijing is located in China and it is the capital.
Spain,Madrid,"In Spain, the capital city is Madrid."
Turkey,Ankara,Turkey has a capital called Ankara.
Peru,Lima,Lima is known as the capital city of Peru.
Austria,Vienna,The city of Vienna serves as the capital of Austria.
Spain,Madrid,Madrid is located in Spain and it is the capital.
Iran,Tehran,The main capital city of Iran is Tehran.
Egypt,Cairo,Cairo is the capital of Egypt.
Argentina,Buenos Aires,"In Argentina, the capital city is Buenos Aires."
Hungary,Budapest,Budapest is located in Hungary and it is the capital.
Indonesia,Jakarta,The country Indonesia has its capital in Jakarta.
Thailand,Bangkok,The main capital city of Thailand is Bangkok.
Morocco,Rabat,The country Morocco has its capital in Rabat.
Hungary,Budapest,Budapest is the capital of Hungary.
Thailand,Bangkok,Bangkok is located in Thailand and it is the capital.
Algeria,Algiers,Algiers is the capital of Algeria.
Denmark,Copenhagen,Everyone knows that the capital of Denmark is Copenhagen.
Colombia,Bogota,Bogota is known as the capital city of Colombia.
Japan,Tokyo,The city of Tokyo serves as the capital of Japan.
Algeria,Algiers,Algiers is the capital of Algeria.
Sweden,Stockholm,The city of Stockholm serves as the capital of Sweden.
Italy,Rome,The main capital city of Italy is Rome.
Indonesia,Jakarta,Indonesia has a capital called Jakarta.
India,New Delhi,India has a capital called New Delhi.
Iran,Tehran,Everyone knows that the capital of Iran is Tehran.
Senegal,Dakar,The main capital city of Senegal is Dakar.
Ireland,Dublin,Ireland has a capital called Dublin.
Mexico,Mexico City,"In Mexico, the capital city is Mexico City."
Venezuela,Caracas,The country Venezuela has its capital in Caracas.
Poland,Warsaw,The country Poland has its capital in Warsaw.
Turkey,Ankara,Turkey has a capital called Ankara.
Ireland,Dublin,Dublin is the capital of Ireland.
South Africa,Pretoria,Pretoria is located in South Africa and it is the capital.
Egypt,Cairo,The main capital city of Egypt is Cairo.
Japan,Tokyo,Everyone knows that the capital of Japan is Tokyo.
Colombia,Bogota,"In Colombia, the capital city is Bogota."
Russia,Moscow,"In Russia, the capital city is Moscow."
Hungary,Budapest,The city of Budapest serves as the capital of Hungary.
Poland,Warsaw,The country Poland has its capital in Warsaw.
Russia,Moscow,Moscow is located in Russia and it is the capital.
South Korea,Seoul,Seoul is the capital of South Korea.
Egypt,Cairo,The main capital city of Egypt is Cairo.
Brazil,Brasilia,Brazil has a capital called Brasilia.
China,Beijing,Beijing is known as the capital city of China.
Ethiopia,Addis Ababa,Addis Ababa is the capital of Ethiopia.
Portugal,Lisbon,Lisbon is the capital of Portugal.
Belgium,Brussels,Belgium has a capital called Brussels.
Iran,Tehran,Tehran is the capital of Iran.
Colombia,Bogota,"In Colombia, the capital city is Bogota."
Indonesia,Jakarta,The capital of Indonesia is Jakarta.
Kuwait,Kuwait City,"In Kuwait, the capital city is Kuwait City."
Algeria,Algiers,The capital of Algeria is Algiers.
Egypt,Cairo,Everyone knows that the capital of Egypt is Cairo.
Australia,Canberra,Canberra is the capital of Australia.
Egypt,Cairo,The country Egypt has its capital in Cairo.
Thailand,Bangkok,Thailand has a capital called Bangkok.
Spain,Madrid,The main capital city of Spain is Madrid.
Morocco,Rabat,The city of Rabat serves as the capital of Morocco.
Italy,Rome,The city of Rome serves as the capital of Italy.
United Kingdom,London,Everyone knows that the capital of United Kingdom is London.
Oman,Muscat,The country Oman has its capital in Muscat.
Mexico,Mexico City,Everyone knows that the capital of Mexico is Mexico City.
Libya,Tripoli,Everyone knows that the capital of Libya is Tripoli.
United Kingdom,London,Everyone knows that the capital of United Kingdom is London.
Finland,Helsinki,Everyone knows that the capital of Finland is Helsinki.
Czech Republic,Prague,Czech Republic has a capital called Prague.
Austria,Vienna,Vienna is known as the capital city of Austria.
Ethiopia,Addis Ababa,Addis Ababa is the capital of Ethiopia.
Saudi Arabia,Riyadh,Saudi Arabia has a capital called Riyadh.
Senegal,Dakar,Dakar is the capital of Senegal.
Ireland,Dublin,Everyone knows that the capital of Ireland is Dublin.
Germany,Berlin,"In Germany, the capital city is Berlin."
China,Beijing,The country China has its capital in Beijing.
Peru,Lima,Lima is located in Peru and it is the capital.
Portugal,Lisbon,Everyone knows that the capital of Portugal is Lisbon.
Kuwait,Kuwait City,Everyone knows that the capital of Kuwait is Kuwait City.
Canada,Ottawa,The main capital city of Canada is Ottawa.
Argentina,Buenos Aires,The country Argentina has its capital in Buenos Aires.
Qatar,Doha,The main capital city of Qatar is Doha.
United Arab Emirates,Abu Dhabi,The capital of United Arab Emirates is Abu Dhabi.
Qatar,Doha,Doha is known as the capital city of Qatar.
New Zealand,Wellington,The main capital city of New Zealand is Wellington.
Senegal,Dakar,Dakar is the capital of Senegal.
Netherlands,Amsterdam,The capital of Netherlands is Amsterdam.
Norway,Oslo,Oslo is known as the capital city of Norway.
Germany,Berlin,Germany has a capital called Berlin.
Ethiopia,Addis Ababa,The city of Addis Ababa serves as the capital of Ethiopia.
Ethiopia,Addis Ababa,Addis Ababa is the capital of Ethiopia.
Denmark,Copenhagen,Copenhagen is the capital of Denmark.
Japan,Tokyo,The main capital city of Japan is Tokyo.
Senegal,Dakar,"In Senegal, the capital city is Dakar."
Sweden,Stockholm,Stockholm is known as the capital city of Sweden.
United Arab Emirates,Abu Dhabi,United Arab Emirates has a capital called Abu Dhabi.
Sweden,Stockholm,"In Sweden, the capital city is Stockholm."
Turkey,Ankara,"In Turkey, the capital city is Ankara."
Tunisia,Tunis,The capital of Tunisia is Tunis.
Qatar,Doha,The capital of Qatar is Doha.
Poland,Warsaw,Everyone knows that the capital of Poland is Warsaw.
Algeria,Algiers,Algeria has a capital called Algiers.
Ghana,Accra,Everyone knows that the capital of Ghana is Accra.
Morocco,Rabat,Rabat is known as the capital city of Morocco.
Ireland,Dublin,Dublin is located in Ireland and it is the capital.
Portugal,Lisbon,Lisbon is located in Portugal and it is the capital.
Canada,Ottawa,The capital of Canada is Ottawa.
Algeria,Algiers,Algiers is the capital of Algeria.
Switzerland,Bern,Bern is located in Switzerland and it is the capital.
South Korea,Seoul,Everyone knows that the capital of South Korea is Seoul.
Russia,Moscow,The city of Moscow serves as the capital of Russia.
Colombia,Bogota,Everyone knows that the capital of Colombia is Bogota.
Nigeria,Abuja,The city of Abuja serves as the capital of Nigeria.
Portugal,Lisbon,Lisbon is known as the capital city of Portugal.
Chile,Santiago,Santiago is known as the capital city of Chile.
Kuwait,Kuwait City,Kuwait has a capital called Kuwait City.
Finland,Helsinki,Finland has a capital called Helsinki.
Austria,Vienna,"In Austria, the capital city is Vienna."
Germany,Berlin,The country Germany has its capital in Berlin.
Tunisia,Tunis,The capital of Tunisia is Tunis.
Iran,Tehran,The capital of Iran is Tehran.
United Kingdom,London,The capital of United Kingdom is London.
Libya,Tripoli,Tripoli is the capital of Libya.
Portugal,Lisbon,Lisbon is located in Portugal and it is the capital.
Thailand,Bangkok,Bangkok is located in Thailand and it is the capital.
Greece,Athens,The city of Athens serves as the capital of Greece.
Canada,Ottawa,The capital of Canada is Ottawa.
Morocco,Rabat,Everyone knows that the capital of Morocco is Rabat.
Netherlands,Amsterdam,Amsterdam is known as the capital city of Netherlands.
Kuwait,Kuwait City,The capital of Kuwait is Kuwait City.
Czech Republic,Prague,The main capital city of Czech Republic is Prague.
Chile,Santiago,Chile has a capital called Santiago.
Kuwait,Kuwait City,The country Kuwait has its capital in Kuwait City.
Brazil,Brasilia,Brazil has a capital called Brasilia.
Venezuela,Caracas,The capital of Venezuela is Caracas.
Australia,Canberra,The country Australia has its capital in Canberra.
Morocco,Rabat,The main capital city of Morocco is Rabat.
Nigeria,Abuja,Abuja is the capital of Nigeria.
Qatar,Doha,The country Qatar has its capital in Doha.
Australia,Canberra,Canberra is known as the capital city of Australia.
Algeria,Algiers,Algeria has a capital called Algiers.
Thailand,Bangkok,"In Thailand, the capital city is Bangkok."
Nigeria,Abuja,Abuja is known as the capital city of Nigeria.
Nigeria,Abuja,Abuja is located in Nigeria and it is the capital.
Brazil,Brasilia,Brasilia is located in Brazil and it is the capital.
Denmark,Copenhagen,"In Denmark, the capital city is Copenhagen."
South Korea,Seoul,The capital of South Korea is Seoul.
Portugal,Lisbon,"In Portugal, the capital city is Lisbon."
Kenya,Nairobi,Everyone knows that the capital of Kenya is Nairobi.
Ethiopia,Addis Ababa,Addis Ababa is the capital of Ethiopia.
Greece,Athens,The city of Athens serves as the capital of Greece.
Egypt,Cairo,Everyone knows that the capital of Egypt is Cairo.
Egypt,Cairo,Egypt has a capital called Cairo.
Egypt,Cairo,Cairo is located in Egypt and it is the capital.
Austria,Vienna,Austria has a capital called Vienna.
France,Paris,France has a capital called Paris.
France,Paris,Paris is known as the capital city of France.
Switzerland,Bern,The city of Bern serves as the capital of Switzerland.
Portugal,Lisbon,Everyone knows that the capital of Portugal is Lisbon.
Netherlands,Amsterdam,Amsterdam is located in Netherlands and it is the capital.
Canada,Ottawa,The main capital city of Canada is Ottawa.
Mexico,Mexico City,The capital of Mexico is Mexico City.
Greece,Athens,The country Greece has its capital in Athens.
United Kingdom,London,London is the capital of United Kingdom.
Japan,Tokyo,Tokyo is the capital of Japan.
Saudi Arabia,Riyadh,"In Saudi Arabia, the capital city is Riyadh."
Australia,Canberra,The country Australia has its capital in Canberra.
Ireland,Dublin,The main capital city of Ireland is Dublin.
Spain,Madrid,Madrid is the capital of Spain.
Iran,Tehran,Tehran is located in Iran and it is the capital.
Australia,Canberra,"In Australia, the capital city is Canberra."
Turkey,Ankara,Everyone knows that the capital of Turkey is Ankara.
Tunisia,Tunis,The capital of Tunisia is Tunis.
Australia,Canberra,"In Australia, the capital city is Canberra."
Austria,Vienna,The capital of Austria is Vienna.
Ethiopia,Addis Ababa,Addis Ababa is known as the capital city of Ethiopia.
Russia,Moscow,Everyone knows that the capital of Russia is Moscow.
India,New Delhi,Everyone knows that the capital of India is New Delhi.
Germany,Berlin,The main capital city of Germany is Berlin.
Belgium,Brussels,The country Belgium has its capital in Brussels.
Norway,Oslo,The capital of Norway is Oslo.
Germany,Berlin,The main capital city of Germany is Berlin.
Switzerland,Bern,Everyone knows that the capital of Switzerland is Bern.
Saudi Arabia,Riyadh,The main capital city of Saudi Arabia is Riyadh.
Netherlands,Amsterdam,Amsterdam is located in Netherlands and it is the capital.
India,New Delhi,The city of New Delhi serves as the capital of India.
United States,Washington,Everyone knows that the capital of United States is Washington.
Norway,Oslo,Everyone knows that the capital of Norway is Oslo.
Netherlands,Amsterdam,The city of Amsterdam serves as the capital of Netherlands.
China,Beijing,The capital of China is Beijing.
Mexico,Mexico City,Everyone knows that the capital of Mexico is Mexico City.
Tunisia,Tunis,Tunis is the capital of Tunisia.
Kuwait,Kuwait City,Kuwait City is known as the capital city of Kuwait.
Poland,Warsaw,Poland has a capital called Warsaw.
Morocco,Rabat,Rabat is known as the capital city of Morocco.
Kuwait,Kuwait City,The capital of Kuwait is Kuwait City.
Switzerland,Bern,The capital of Switzerland is Bern.
France,Paris,The country France has its capital in Paris.
South Korea,Seoul,The country South Korea has its capital in Seoul.
Indonesia,Jakarta,The capital of Indonesia is Jakarta.
Egypt,Cairo,The city of Cairo serves as the capital of Egypt.
Belgium,Brussels,"In Belgium, the capital city is Brussels."
Brazil,Brasilia,The main capital city of Brazil is Brasilia.
Argentina,Buenos Aires,The country Argentina has its capital in Buenos Aires.
France,Paris,Paris is known as the capital city of France.
Japan,Tokyo,"In Japan, the capital city is Tokyo."
United Arab Emirates,Abu Dhabi,The country United Arab Emirates has its capital in Abu Dhabi.
Japan,Tokyo,The main capital city of Japan is Tokyo.
Oman,Muscat,The main capital city of Oman is Muscat.
South Africa,Pretoria,"In South Africa, the capital city is Pretoria."
Poland,Warsaw,Everyone knows that the capital of Poland is Warsaw.
Brazil,Brasilia,The country Brazil has its capital in Brasilia.
Sweden,Stockholm,Sweden has a capital called Stockholm.
United Arab Emirates,Abu Dhabi,The capital of United Arab Emirates is Abu Dhabi.
China,Beijing,China has a capital called Beijing.
United Arab Emirates,Abu Dhabi,The main capital city of United Arab Emirates is Abu Dhabi.
Italy,Rome,The country Italy has its capital in Rome.
Germany,Berlin,The capital of Germany is Berlin.
Australia,Canberra,Canberra is known as the capital city of Australia.
Japan,Tokyo,Japan has a capital called Tokyo.
United States,Washington,Washington is located in United States and it is the capital.
Ethiopia,Addis Ababa,Ethiopia has a capital called Addis Ababa.
Iran,Tehran,The main capital city of Iran is Tehran.
Sweden,Stockholm,Stockholm is known as the capital city of Sweden.
Germany,Berlin,Germany has a capital called Berlin.
Belgium,Brussels,Belgium has a capital called Brussels.
Libya,Tripoli,Tripoli is known as the capital city of Libya.
New Zealand,Wellington,Wellington is located in New Zealand and it is the capital.
Qatar,Doha,Doha is known as the capital city of Qatar.
Egypt,Cairo,The capital of Egypt is Cairo.
Indonesia,Jakarta,The city of Jakarta serves as the capital of Indonesia.
Morocco,Rabat,The city of Rabat serves as the capital of Morocco.
Ethiopia,Addis Ababa,Ethiopia has a capital called Addis Ababa.
Japan,Tokyo,Tokyo is known as the capital city of Japan.
Colombia,Bogota,The city of Bogota serves as the capital of Colombia.
Ghana,Accra,The country Ghana has its capital in Accra.
Spain,Madrid,Madrid is the capital of Spain.
Portugal,Lisbon,"In Portugal, the capital city is Lisbon."
Thailand,Bangkok,The city of Bangkok serves as the capital of Thailand.
South Korea,Seoul,The city of Seoul serves as the capital of South Korea.
Nigeria,Abuja,The capital of Nigeria is Abuja.
Norway,Oslo,The country Norway has its capital in Oslo.
Turkey,Ankara,Ankara is the capital of Turkey.
Ireland,Dublin,Dublin is known as the capital city of Ireland.
Finland,Helsinki,The country Finland has its capital in Helsinki.
Thailand,Bangkok,The capital of Thailand is Bangkok.
Sweden,Stockholm,Stockholm is the capital of Sweden.
Peru,Lima,The main capital city of Peru is Lima.
New Zealand,Wellington,Everyone knows that the capital of New Zealand is Wellington.
Venezuela,Caracas,The city of Caracas serves as the capital of Venezuela.
New Zealand,Wellington,The country New Zealand has its capital in Wellington.
United Kingdom,London,The main capital city of United Kingdom is London.
France,Paris,Everyone knows that the capital of France is Paris.
Colombia,Bogota,Everyone knows that the capital of Colombia is Bogota.
Oman,Muscat,Muscat is the capital of Oman.
New Zealand,Wellington,Wellington is located in New Zealand and it is the capital.
Belgium,Brussels,"In Belgium, the capital city is Brussels."
South Africa,Pretoria,The city of Pretoria serves as the capital of South Africa.
United Arab Emirates,Abu Dhabi,The country United Arab Emirates has its capital in Abu Dhabi.
Portugal,Lisbon,The main capital city of Portugal is Lisbon.
Austria,Vienna,The country Austria has its capital in Vienna.
Belgium,Brussels,Belgium has a capital called Brussels.
South Korea,Seoul,The main capital city of South Korea is Seoul.
Canada,Ottawa,The main capital city of Canada is Ottawa.
Iran,Tehran,The country Iran has its capital in Tehran.
Senegal,Dakar,The country Senegal has its capital in Dakar.
Egypt,Cairo,Cairo is known as the capital city of Egypt.
United States,Washington,Washington is the capital of United States.
Netherlands,Amsterdam,Netherlands has a capital called Amsterdam.
Sweden,Stockholm,Stockholm is the capital of Sweden.
Sweden,Stockholm,Sweden has a capital called Stockholm.
Senegal,Dakar,The country Senegal has its capital in Dakar.
Peru,Lima,The main capital city of Peru is Lima.
Argentina,Buenos Aires,"In Argentina, the capital city is Buenos Aires."
Libya,Tripoli,Tripoli is known as the capital city of Libya.
Germany,Berlin,Germany has a capital called Berlin.
Morocco,Rabat,Rabat is the capital of Morocco.
India,New Delhi,India has a capital called New Delhi.
Greece,Athens,"In Greece, the capital city is Athens."
Sweden,Stockholm,Everyone knows that the capital of Sweden is Stockholm.
New Zealand,Wellington,"In New Zealand, the capital city is Wellington."
Ethiopia,Addis Ababa,Addis Ababa is known as the capital city of Ethiopia.
Kenya,Nairobi,The country Kenya has its capital in Nairobi.
Colombia,Bogota,The main capital city of Colombia is Bogota.
Portugal,Lisbon,Lisbon is known as the capital city of Portugal.
Morocco,Rabat,Rabat is the capital of Morocco.
China,Beijing,The city of Beijing serves as the capital of China.
Ethiopia,Addis Ababa,Addis Ababa is known as the capital city of Ethiopia.
Austria,Vienna,The city of Vienna serves as the capital of Austria.
United States,Washington,Washington is the capital of United States.
Ghana,Accra,Accra is known as the capital city of Ghana.
Tunisia,Tunis,Tunis is the capital of Tunisia.
Oman,Muscat,The main capital city of Oman is Muscat.
Finland,Helsinki,Helsinki is known as the capital city of Finland.
United Arab Emirates,Abu Dhabi,Abu Dhabi is the capital of United Arab Emirates.
Italy,Rome,The capital of Italy is Rome.
Germany,Berlin,Berlin is located in Germany and it is the capital.
New Zealand,Wellington,The main capital city of New Zealand is Wellington.
Ireland,Dublin,The main capital city of Ireland is Dublin.
Japan,Tokyo,The city of Tokyo serves as the capital of Japan.
Oman,Muscat,Oman has a capital called Muscat.
Colombia,Bogota,The main capital city of Colombia is Bogota.
Saudi Arabia,Riyadh,The main capital city of Saudi Arabia is Riyadh.
Netherlands,Amsterdam,"In Netherlands, the capital city is Amsterdam."
Netherlands,Amsterdam,The city of Amsterdam serves as the capital of Netherlands.
Libya,Tripoli,Tripoli is the capital of Libya.
Argentina,Buenos Aires,Buenos Aires is the capital of Argentina.
Algeria,Algiers,Algiers is the capital of Algeria.
Nigeria,Abuja,Abuja is located in Nigeria and it is the capital.
Tunisia,Tunis,Tunis is known as the capital city of Tunisia.
Australia,Canberra,The capital of Australia is Canberra.
Netherlands,Amsterdam,Amsterdam is known as the capital city of Netherlands.
Hungary,Budapest,Budapest is located in Hungary and it is the capital.
Austria,Vienna,Vienna is located in Austria and it is the capital.
Poland,Warsaw,Warsaw is the capital of Poland.
Hungary,Budapest,Budapest is located in Hungary and it is the capital.
Argentina,Buenos Aires,The capital of Argentina is Buenos Aires.
Japan,Tokyo,"In Japan, the capital city is Tokyo."
Thailand,Bangkok,Thailand has a capital called Bangkok.
Italy,Rome,Rome is the capital of Italy.
Hungary,Budapest,Budapest is located in Hungary and it is the capital.
Canada,Ottawa,The capital of Canada is Ottawa.
United States,Washington,Washington is known as the capital city of United States.
Colombia,Bogota,Colombia has a capital called Bogota.
Germany,Berlin,Berlin is the capital of Germany.
Saudi Arabia,Riyadh,The country Saudi Arabia has its capital in Riyadh.
Japan,Tokyo,Tokyo is known as the capital city of Japan.
Algeria,Algiers,Everyone knows that the capital of Algeria is Algiers.
Nigeria,Abuja,The main capital city of Nigeria is Abuja.
Algeria,Algiers,"In Algeria, the capital city is Algiers."
Algeria,Algiers,Algiers is the capital of Algeria.
United Kingdom,London,London is known as the capital city of United Kingdom.
Greece,Athens,"In Greece, the capital city is Athens."
Peru,Lima,Lima is located in Peru and it is the capital.
Tunisia,Tunis,The capital of Tunisia is Tunis.
Mexico,Mexico City,The country Mexico has its capital in Mexico City.
Thailand,Bangkok,The country Thailand has its capital in Bangkok.
United Arab Emirates,Abu Dhabi,Abu Dhabi is the capital of United Arab Emirates.
Portugal,Lisbon,The city of Lisbon serves as the capital of Portugal.
Turkey,Ankara,"In Turkey, the capital city is Ankara."
Czech Republic,Prague,"In Czech Republic, the capital city is Prague."
India,New Delhi,"In India, the capital city is New Delhi."
Thailand,Bangkok,Bangkok is known as the capital city of Thailand.
Australia,Canberra,Everyone knows that the capital of Australia is Canberra.
Hungary,Budapest,Budapest is known as the capital city of Hungary.
Spain,Madrid,The country Spain has its capital in Madrid.
Finland,Helsinki,The main capital city of Finland is Helsinki.
Kuwait,Kuwait City,Kuwait has a capital called Kuwait City.
Thailand,Bangkok,Thailand has a capital called Bangkok.
Nigeria,Abuja,Abuja is known as the capital city of Nigeria.
Oman,Muscat,The city of Muscat serves as the capital of Oman.
Egypt,Cairo,Everyone knows that the capital of Egypt is Cairo.
Brazil,Brasilia,The capital of Brazil is Brasilia.
Spain,Madrid,The main capital city of Spain is Madrid.
Libya,Tripoli,Tripoli is known as the capital city of Libya.
United Arab Emirates,Abu Dhabi,Everyone knows that the capital of United Arab Emirates is Abu Dhabi.
Algeria,Algiers,"In Algeria, the capital city is Algiers."
Indonesia,Jakarta,Everyone knows that the capital of Indonesia is Jakarta.
Japan,Tokyo,The main capital city of Japan is Tokyo.
China,Beijing,Beijing is located in China and it is the capital.
Qatar,Doha,The main capital city of Qatar is Doha.
Nigeria,Abuja,Abuja is located in Nigeria and it is the capital.
Switzerland,Bern,The main capital city of Switzerland is Bern.
Hungary,Budapest,The main capital city of Hungary is Budapest.
Norway,Oslo,The city of Oslo serves as the capital of Norway.
United Arab Emirates,Abu Dhabi,The city of Abu Dhabi serves as the capital of United Arab Emirates.
Colombia,Bogota,Bogota is known as the capital city of Colombia.
Iran,Tehran,Tehran is known as the capital city of Iran.
Venezuela,Caracas,Caracas is the capital of Venezuela.
Saudi Arabia,Riyadh,The country Saudi Arabia has its capital in Riyadh.
Algeria,Algiers,The country Algeria has its capital in Algiers.
Austria,Vienna,The capital of Austria is Vienna.
Kenya,Nairobi,The main capital city of Kenya is Nairobi.
Ireland,Dublin,The main capital city of Ireland is Dublin.
Australia,Canberra,The main capital city of Australia is Canberra.
Portugal,Lisbon,Lisbon is known as the capital city of Portugal.
Ethiopia,Addis Ababa,The country Ethiopia has its capital in Addis Ababa.
Japan,Tokyo,"In Japan, the capital city is Tokyo."
Hungary,Budapest,Hungary has a capital called Budapest.
Senegal,Dakar,The capital of Senegal is Dakar.
Egypt,Cairo,The capital of Egypt is Cairo.
Algeria,Algiers,The capital of Algeria is Algiers.
Brazil,Brasilia,Everyone knows that the capital of Brazil is Brasilia.
Norway,Oslo,Oslo is the capital of Norway.
Kuwait,Kuwait City,Kuwait has a capital called Kuwait City.
Argentina,Buenos Aires,The city of Buenos Aires serves as the capital of Argentina.
Libya,Tripoli,Tripoli is the capital of Libya.
Kuwait,Kuwait City,Kuwait City is the capital of Kuwait.
Switzerland,Bern,Bern is known as the capital city of Switzerland.
South Africa,Pretoria,The main capital city of South Africa is Pretoria.
United States,Washington,Washington is known as the capital city of United States.
Argentina,Buenos Aires,Everyone knows that the capital of Argentina is Buenos Aires.
Egypt,Cairo,Egypt has a capital called Cairo.
Norway,Oslo,The city of Oslo serves as the capital of Norway.
Kuwait,Kuwait City,The capital of Kuwait is Kuwait City.
Australia,Canberra,The country Australia has its capital in Canberra.
South Korea,Seoul,The city of Seoul serves as the capital of South Korea.
Indonesia,Jakarta,The main capital city of Indonesia is Jakarta.
Algeria,Algiers,Algiers is located in Algeria and it is the capital.
Ethiopia,Addis Ababa,The city of Addis Ababa serves as the capital of Ethiopia.
Russia,Moscow,"In Russia, the capital city is Moscow."
South Africa,Pretoria,Pretoria is the capital of South Africa.
Russia,Moscow,The capital of Russia is Moscow.
Russia,Moscow,Everyone knows that the capital of Russia is Moscow.
Sweden,Stockholm,Stockholm is the capital of Sweden.
India,New Delhi,New Delhi is the capital of India.
Netherlands,Amsterdam,Everyone knows that the capital of Netherlands is Amsterdam.
Venezuela,Caracas,The city of Caracas serves as the capital of Venezuela.
Denmark,Copenhagen,Copenhagen is the capital of Denmark.
Belgium,Brussels,The capital of Belgium is Brussels.
United Kingdom,London,The city of London serves as the capital of United Kingdom.
Germany,Berlin,Berlin is the capital of Germany.
South Africa,Pretoria,Everyone knows that the capital of South Africa is Pretoria.
Egypt,Cairo,The country Egypt has its capital in Cairo.
Chile,Santiago,The country Chile has its capital in Santiago.
Spain,Madrid,Madrid is the capital of Spain.
Turkey,Ankara,Ankara is known as the capital city of Turkey.
Qatar,Doha,Doha is located in Qatar and it is the capital.
Germany,Berlin,The city of Berlin serves as the capital of Germany.
South Korea,Seoul,South Korea has a capital called Seoul.
Ghana,Accra,The capital of Ghana is Accra.
United Kingdom,London,United Kingdom has a capital called London.
China,Beijing,The main capital city of China is Beijing.
United Kingdom,London,"In United Kingdom, the capital city is London."
Ireland,Dublin,The country Ireland has its capital in Dublin.
Qatar,Doha,Qatar has a capital called Doha.
Spain,Madrid,"In Spain, the capital city is Madrid."
Argentina,Buenos Aires,Argentina has a capital called Buenos Aires.
New Zealand,Wellington,The capital of New Zealand is Wellington.
Iran,Tehran,Everyone knows that the capital of Iran is Tehran.
France,Paris,The main capital city of France is Paris.
Canada,Ottawa,Ottawa is located in Canada and it is the capital.
Ghana,Accra,Accra is known as the capital city of Ghana.
Canada,Ottawa,The capital of Canada is Ottawa.
Ethiopia,Addis Ababa,The country Ethiopia has its capital in Addis Ababa.
South Korea,Seoul,Seoul is known as the capital city of South Korea.
Algeria,Algiers,Algiers is the capital of Algeria.
Algeria,Algiers,The capital of Algeria is Algiers.
Morocco,Rabat,Rabat is located in Morocco and it is the capital.
Argentina,Buenos Aires,"In Argentina, the capital city is Buenos Aires."
United Kingdom,London,"In United Kingdom, the capital city is London."
Oman,Muscat,Muscat is located in Oman and it is the capital.
Finland,Helsinki,Helsinki is located in Finland and it is the capital.
Belgium,Brussels,The city of Brussels serves as the capital of Belgium.
Qatar,Doha,Doha is located in Qatar and it is the capital.
Algeria,Algiers,Algeria has a capital called Algiers.
Chile,Santiago,Santiago is the capital of Chile.
Turkey,Ankara,The city of Ankara serves as the capital of Turkey.
New Zealand,Wellington,The country New Zealand has its capital in Wellington.
Russia,Moscow,Russia has a capital called Moscow.
Switzerland,Bern,Bern is the capital of Switzerland.
Qatar,Doha,The capital of Qatar is Doha.
China,Beijing,The city of Beijing serves as the capital of China.
Australia,Canberra,"In Australia, the capital city is Canberra."
Portugal,Lisbon,Lisbon is located in Portugal and it is the capital.
Finland,Helsinki,The city of Helsinki serves as the capital of Finland.
Netherlands,Amsterdam,The main capital city of Netherlands is Amsterdam.
Colombia,Bogota,The main capital city of Colombia is Bogota.
Germany,Berlin,The capital of Germany is Berlin.
Algeria,Algiers,"In Algeria, the capital city is Algiers."
Saudi Arabia,Riyadh,"In Saudi Arabia, the capital city is Riyadh."
Spain,Madrid,The main capital city of Spain is Madrid.
South Korea,Seoul,"In South Korea, the capital city is Seoul."
Belgium,Brussels,Brussels is located in Belgium and it is the capital.
Italy,Rome,Rome is located in Italy and it is the capital.
United Kingdom,London,"In United Kingdom, the capital city is London."
Argentina,Buenos Aires,Everyone knows that the capital of Argentina is Buenos Aires.
Indonesia,Jakarta,Indonesia has a capital called Jakarta.
Argentina,Buenos Aires,The main capital city of Argentina is Buenos Aires.
Morocco,Rabat,"In Morocco, the capital city is Rabat."
China,Beijing,Beijing is located in China and it is the capital.
France,Paris,The country France has its capital in Paris.
South Korea,Seoul,South Korea has a capital called Seoul.
Austria,Vienna,The country Austria has its capital in Vienna.
Turkey,Ankara,Turkey has a capital called Ankara.
Iran,Tehran,Iran has a capital called Tehran.
Brazil,Brasilia,The main capital city of Brazil is Brasilia.
Tunisia,Tunis,Tunisia has a capital called Tunis.
Kenya,Nairobi,Everyone knows that the capital of Kenya is Nairobi.
Poland,Warsaw,The main capital city of Poland is Warsaw.
Argentina,Buenos Aires,The capital of Argentina is Buenos Aires.
Saudi Arabia,Riyadh,Riyadh is known as the capital city of Saudi Arabia.
Portugal,Lisbon,Everyone knows that the capital of Portugal is Lisbon.
Venezuela,Caracas,The country Venezuela has its capital in Caracas.
Turkey,Ankara,Ankara is known as the capital city of Turkey.
Nigeria,Abuja,The main capital city of Nigeria is Abuja.
Canada,Ottawa,Ottawa is known as the capital city of Canada.
Russia,Moscow,Moscow is the capital of Russia.
Spain,Madrid,"In Spain, the capital city is Madrid."
Spain,Madrid,"In Spain, the capital city is Madrid."
Iran,Tehran,Tehran is known as the capital city of Iran.
Peru,Lima,The country Peru has its capital in Lima.
Thailand,Bangkok,Everyone knows that the capital of Thailand is Bangkok.
Tunisia,Tunis,The country Tunisia has its capital in Tunis.
Thailand,Bangkok,The country Thailand has its capital in Bangkok.
Sweden,Stockholm,Everyone knows that the capital of Sweden is Stockholm.
Tunisia,Tunis,The main capital city of Tunisia is Tunis.
Brazil,Brasilia,The country Brazil has its capital in Brasilia.
Canada,Ottawa,Ottawa is located in Canada and it is the capital.
France,Paris,The city of Paris serves as the capital of France.
Ethiopia,Addis Ababa,Everyone knows that the capital of Ethiopia is Addis Ababa.
Belgium,Brussels,Everyone knows that the capital of Belgium is Brussels.
Colombia,Bogota,Everyone knows that the capital of Colombia is Bogota.
Ghana,Accra,Accra is the capital of Ghana.
Hungary,Budapest,Budapest is the capital of Hungary.
Mexico,Mexico City,"In Mexico, the capital city is Mexico City."
Spain,Madrid,Madrid is known as the capital city of Spain.
United Kingdom,London,London is the capital of United Kingdom.
Hungary,Budapest,Everyone knows that the capital of Hungary is Budapest.
Hungary,Budapest,Budapest is located in Hungary and it is the capital.
Belgium,Brussels,Everyone knows that the capital of Belgium is Brussels.
Chile,Santiago,Everyone knows that the capital of Chile is Santiago.
Kuwait,Kuwait City,The main capital city of Kuwait is Kuwait City.
Chile,Santiago,"In Chile, the capital city is Santiago."
Poland,Warsaw,The main capital city of Poland is Warsaw.
Libya,Tripoli,Tripoli is known as the capital city of Libya.
Colombia,Bogota,"In Colombia, the capital city is Bogota."
Switzerland,Bern,The country Switzerland has its capital in Bern.
United Arab Emirates,Abu Dhabi,Abu Dhabi is known as the capital city of United Arab Emirates.
Russia,Moscow,Everyone knows that the capital of Russia is Moscow.
Netherlands,Amsterdam,Amsterdam is located in Netherlands and it is the capital.
China,Beijing,"In China, the capital city is Beijing."
United Arab Emirates,Abu Dhabi,The main capital city of United Arab Emirates is Abu Dhabi.
United Arab Emirates,Abu Dhabi,Abu Dhabi is located in United Arab Emirates and it is the capital.
Switzerland,Bern,The capital of Switzerland is Bern.
Sweden,Stockholm,The main capital city of Sweden is Stockholm.
Kenya,Nairobi,Everyone knows that the capital of Kenya is Nairobi.
Netherlands,Amsterdam,Amsterdam is located in Netherlands and it is the capital.
Spain,Madrid,Everyone knows that the capital of Spain is Madrid.
Tunisia,Tunis,"In Tunisia, the capital city is Tunis."
Ireland,Dublin,Dublin is known as the capital city of Ireland.
South Africa,Pretoria,The country South Africa has its capital in Pretoria.
Argentina,Buenos Aires,Argentina has a capital called Buenos Aires.
Nigeria,Abuja,Abuja is located in Nigeria and it is the capital.
Iran,Tehran,The main capital city of Iran is Tehran.
Finland,Helsinki,Helsinki is the capital of Finland.
New Zealand,Wellington,The country New Zealand has its capital in Wellington.
Japan,Tokyo,Tokyo is located in Japan and it is the capital.
Mexico,Mexico City,Mexico City is the capital of Mexico.
Kuwait,Kuwait City,The city of Kuwait City serves as the capital of Kuwait.
Russia,Moscow,Moscow is the capital of Russia.
Australia,Canberra,Canberra is located in Australia and it is the capital.
Nigeria,Abuja,Everyone knows that the capital of Nigeria is Abuja.
United States,Washington,The country United States has its capital in Washington.
Sweden,Stockholm,The city of Stockholm serves as the capital of Sweden.
United States,Washington,The country United States has its capital in Washington.
Norway,Oslo,"In Norway, the capital city is Oslo."
Chile,Santiago,The main capital city of Chile is Santiago.
Algeria,Algiers,The capital of Algeria is Algiers.
Venezuela,Caracas,Caracas is the capital of Venezuela.
Oman,Muscat,The main capital city of Oman is Muscat.
Ireland,Dublin,The main capital city of Ireland is Dublin.
Hungary,Budapest,The capital of Hungary is Budapest.
Tunisia,Tunis,"In Tunisia, the capital city is Tunis."
Denmark,Copenhagen,"In Denmark, the capital city is Copenhagen."
South Korea,Seoul,The capital of South Korea is Seoul.
Belgium,Brussels,"In Belgium, the capital city is Brussels."
Australia,Canberra,Everyone knows that the capital of Australia is Canberra.
Morocco,Rabat,Rabat is located in Morocco and it is the capital.
India,New Delhi,New Delhi is known as the capital city of India.
Denmark,Copenhagen,Denmark has a capital called Copenhagen.
Norway,Oslo,Oslo is known as the capital city of Norway.
Czech Republic,Prague,Everyone knows that the capital of Czech Republic is Prague.
Mexico,Mexico City,"In Mexico, the capital city is Mexico City."
South Korea,Seoul,South Korea has a capital called Seoul.
Mexico,Mexico City,Mexico City is located in Mexico and it is the capital.
Denmark,Copenhagen,The main capital city of Denmark is Copenhagen.
Ireland,Dublin,Dublin is the capital of Ireland.
Chile,Santiago,Santiago is the capital of Chile.
Canada,Ottawa,The country Canada has its capital in Ottawa.
Australia,Canberra,Canberra is the capital of Australia.
United States,Washington,The main capital city of United States is Washington.
Belgium,Brussels,Belgium has a capital called Brussels.
Ghana,Accra,The capital of Ghana is Accra.
Morocco,Rabat,"In Morocco, the capital city is Rabat."
Morocco,Rabat,Rabat is located in Morocco and it is the capital.
Senegal,Dakar,Dakar is located in Senegal and it is the capital.
Saudi Arabia,Riyadh,The main capital city of Saudi Arabia is Riyadh.
Colombia,Bogota,Bogota is located in Colombia and it is the capital.
Mexico,Mexico City,The city of Mexico City serves as the capital of Mexico.
Colombia,Bogota,Bogota is known as the capital city of Colombia.
Senegal,Dakar,Senegal has a capital called Dakar.
Turkey,Ankara,The country Turkey has its capital in Ankara.
Iran,Tehran,The capital of Iran is Tehran.
Kenya,Nairobi,Kenya has a capital called Nairobi.
United Kingdom,London,The main capital city of United Kingdom is London.
Netherlands,Amsterdam,The main capital city of Netherlands is Amsterdam.
Egypt,Cairo,Cairo is known as the capital city of Egypt.
United Arab Emirates,Abu Dhabi,The city of Abu Dhabi serves as the capital of United Arab Emirates.
South Africa,Pretoria,Pretoria is known as the capital city of South Africa.
Switzerland,Bern,Everyone knows that the capital of Switzerland is Bern.
Czech Republic,Prague,Prague is located in Czech Republic and it is the capital.
Ghana,Accra,Everyone knows that the capital of Ghana is Accra.
Tunisia,Tunis,Tunis is the capital of Tunisia.
Qatar,Doha,The main capital city of Qatar is Doha.
Czech Republic,Prague,The country Czech Republic has its capital in Prague.
Algeria,Algiers,The country Algeria has its capital in Algiers.
Italy,Rome,The city of Rome serves as the capital of Italy.
Nigeria,Abuja,Everyone knows that the capital of Nigeria is Abuja.
Algeria,Algiers,The capital of Algeria is Algiers.
Senegal,Dakar,Dakar is known as the capital city of Senegal.
Indonesia,Jakarta,Jakarta is the capital of Indonesia.
Kuwait,Kuwait City,The country Kuwait has its capital in Kuwait City.
Mexico,Mexico City,The capital of Mexico is Mexico City.
Finland,Helsinki,Helsinki is located in Finland and it is the capital.
Peru,Lima,"In Peru, the capital city is Lima."
United Kingdom,London,The main capital city of United Kingdom is London.
Libya,Tripoli,Libya has a capital called Tripoli.
United Kingdom,London,London is located in United Kingdom and it is the capital.
Netherlands,Amsterdam,The country Netherlands has its capital in Amsterdam.
France,Paris,The capital of France is Paris.
United States,Washington,United States has a capital called Washington.
Nigeria,Abuja,"In Nigeria, the capital city is Abuja."
Australia,Canberra,The capital of Australia is Canberra.
Belgium,Brussels,Brussels is known as the capital city of Belgium.
Colombia,Bogota,Bogota is the capital of Colombia.
Indonesia,Jakarta,The capital of Indonesia is Jakarta.
Poland,Warsaw,"In Poland, the capital city is Warsaw."
Spain,Madrid,Spain has a capital called Madrid.
Italy,Rome,Rome is located in Italy and it is the capital.
Kenya,Nairobi,The country Kenya has its capital in Nairobi.
Kenya,Nairobi,"In Kenya, the capital city is Nairobi."
India,New Delhi,Everyone knows that the capital of India is New Delhi.
Austria,Vienna,Vienna is the capital of Austria.
Ireland,Dublin,Dublin is known as the capital city of Ireland.
Oman,Muscat,The main capital city of Oman is Muscat.
Morocco,Rabat,Rabat is the capital of Morocco.
Italy,Rome,"In Italy, the capital city is Rome."
India,New Delhi,"In India, the capital city is New Delhi."
France,Paris,France has a capital called Paris.
Senegal,Dakar,The city of Dakar serves as the capital of Senegal.
Russia,Moscow,The city of Moscow serves as the capital of Russia.
Ethiopia,Addis Ababa,Addis Ababa is located in Ethiopia and it is the capital.
Denmark,Copenhagen,The capital of Denmark is Copenhagen.
Brazil,Brasilia,The city of Brasilia serves as the capital of Brazil.
Greece,Athens,The city of Athens serves as the capital of Greece.
United Arab Emirates,Abu Dhabi,The country United Arab Emirates has its capital in Abu Dhabi.
United Arab Emirates,Abu Dhabi,The country United Arab Emirates has its capital in Abu Dhabi.
Denmark,Copenhagen,The country Denmark has its capital in Copenhagen.
South Korea,Seoul,Everyone knows that the capital of South Korea is Seoul.
Switzerland,Bern,"In Switzerland, the capital city is Bern."
Switzerland,Bern,Switzerland has a capital called Bern.
Spain,Madrid,Everyone knows that the capital of Spain is Madrid.
Kenya,Nairobi,The capital of Kenya is Nairobi.
Nigeria,Abuja,Abuja is located in Nigeria and it is the capital.
United Arab Emirates,Abu Dhabi,The city of Abu Dhabi serves as the capital of United Arab Emirates.
New Zealand,Wellington,New Zealand has a capital called Wellington.
Brazil,Brasilia,Brazil has a capital called Brasilia.
Tunisia,Tunis,"In Tunisia, the capital city is Tunis."
Saudi Arabia,Riyadh,The capital of Saudi Arabia is Riyadh.
Qatar,Doha,Qatar has a capital called Doha.
Australia,Canberra,Australia has a capital called Canberra.
Spain,Madrid,Madrid is located in Spain and it is the capital.
Kuwait,Kuwait City,Everyone knows that the capital of Kuwait is Kuwait City.
Switzerland,Bern,The capital of Switzerland is Bern.
Norway,Oslo,Norway has a capital called Oslo.
Switzerland,Bern,The country Switzerland has its capital in Bern.
Brazil,Brasilia,The main capital city of Brazil is Brasilia.
Poland,Warsaw,Warsaw is located in Poland and it is the capital.
Turkey,Ankara,Ankara is known as the capital city of Turkey.
Argentina,Buenos Aires,The main capital city of Argentina is Buenos Aires.
Switzerland,Bern,Everyone knows that the capital of Switzerland is Bern.
Senegal,Dakar,The country Senegal has its capital in Dakar.
Czech Republic,Prague,Prague is located in Czech Republic and it is the capital.
Venezuela,Caracas,The capital of Venezuela is Caracas.
Morocco,Rabat,Rabat is located in Morocco and it is the capital.
Peru,Lima,Lima is the capital of Peru.
South Korea,Seoul,South Korea has a capital called Seoul.
Spain,Madrid,Madrid is located in Spain and it is the capital.
Chile,Santiago,"In Chile, the capital city is Santiago."
United Kingdom,London,London is known as the capital city of United Kingdom.
Ghana,Accra,The city of Accra serves as the capital of Ghana.
Oman,Muscat,Muscat is the capital of Oman.
Colombia,Bogota,The city of Bogota serves as the capital of Colombia.
Venezuela,Caracas,The main capital city of Venezuela is Caracas.
Saudi Arabia,Riyadh,The main capital city of Saudi Arabia is Riyadh.
Ireland,Dublin,The city of Dublin serves as the capital of Ireland.
Netherlands,Amsterdam,Amsterdam is known as the capital city of Netherlands.
Denmark,Copenhagen,Everyone knows that the capital of Denmark is Copenhagen.
Chile,Santiago,Everyone knows that the capital of Chile is Santiago.
Indonesia,Jakarta,The capital of Indonesia is Jakarta.
Spain,Madrid,"In Spain, the capital city is Madrid."
United States,Washington,The country United States has its capital in Washington.
Thailand,Bangkok,Everyone knows that the capital of Thailand is Bangkok.
Czech Republic,Prague,Everyone knows that the capital of Czech Republic is Prague.
Belgium,Brussels,"In Belgium, the capital city is Brussels."
Norway,Oslo,Oslo is located in Norway and it is the capital.
South Korea,Seoul,Seoul is the capital of South Korea.
Chile,Santiago,Chile has a capital called Santiago.
Kenya,Nairobi,Nairobi is located in Kenya and it is the capital.
Qatar,Doha,Doha is the capital of Qatar.
Japan,Tokyo,"In Japan, the capital city is Tokyo."
Libya,Tripoli,The main capital city of Libya is Tripoli.
Chile,Santiago,Chile has a capital called Santiago.
Czech Republic,Prague,The main capital city of Czech Republic is Prague.
Saudi Arabia,Riyadh,Saudi Arabia has a capital called Riyadh.
Libya,Tripoli,The country Libya has its capital in Tripoli.
United Arab Emirates,Abu Dhabi,Abu Dhabi is located in United Arab Emirates and it is the capital.
Czech Republic,Prague,Prague is located in Czech Republic and it is the capital.
Turkey,Ankara,Turkey has a capital called Ankara.
Libya,Tripoli,Tripoli is the capital of Libya.
Austria,Vienna,Austria has a capital called Vienna.
Greece,Athens,The capital of Greece is Athens.
Greece,Athens,The main capital city of Greece is Athens.
Switzerland,Bern,Switzerland has a capital called Bern.
Belgium,Brussels,Everyone knows that the capital of Belgium is Brussels.
Tunisia,Tunis,The city of Tunis serves as the capital of Tunisia.
Canada,Ottawa,The main capital city of Canada is Ottawa.
Germany,Berlin,The main capital city of Germany is Berlin.
Switzerland,Bern,The country Switzerland has its capital in Bern.
Hungary,Budapest,Budapest is known as the capital city of Hungary.
Ethiopia,Addis Ababa,The country Ethiopia has its capital in Addis Ababa.
Japan,Tokyo,The main capital city of Japan is Tokyo.
Japan,Tokyo,The country Japan has its capital in Tokyo.
Ghana,Accra,The capital of Ghana is Accra.
Hungary,Budapest,The country Hungary has its capital in Budapest.
Hungary,Budapest,"In Hungary, the capital city is Budapest."
Qatar,Doha,"In Qatar, the capital city is Doha."
Denmark,Copenhagen,The main capital city of Denmark is Copenhagen.
Morocco,Rabat,The capital of Morocco is Rabat.
Poland,Warsaw,Warsaw is located in Poland and it is the capital.
Italy,Rome,Everyone knows that the capital of Italy is Rome.
South Korea,Seoul,The capital of South Korea is Seoul.
Egypt,Cairo,Everyone knows that the capital of Egypt is Cairo.
Colombia,Bogota,"In Colombia, the capital city is Bogota."
Ireland,Dublin,The city of Dublin serves as the capital of Ireland.
Netherlands,Amsterdam,Everyone knows that the capital of Netherlands is Amsterdam.
Peru,Lima,Peru has a capital called Lima.
Russia,Moscow,The country Russia has its capital in Moscow.
Qatar,Doha,Everyone knows that the capital of Qatar is Doha.
Spain,Madrid,Spain has a capital called Madrid.
New Zealand,Wellington,Everyone knows that the capital of New Zealand is Wellington.
Portugal,Lisbon,The main capital city of Portugal is Lisbon.
Nigeria,Abuja,The country Nigeria has its capital in Abuja.
Ghana,Accra,Accra is located in Ghana and it is the capital.
Poland,Warsaw,Poland has a capital called Warsaw.
Indonesia,Jakarta,The country Indonesia has its capital in Jakarta.
Brazil,Brasilia,The country Brazil has its capital in Brasilia.
Oman,Muscat,Muscat is located in Oman and it is the capital.
Argentina,Buenos Aires,The capital of Argentina is Buenos Aires.
Morocco,Rabat,Morocco has a capital called Rabat.
Ghana,Accra,"In Ghana, the capital city is Accra."
Colombia,Bogota,Bogota is located in Colombia and it is the capital.
India,New Delhi,The main capital city of India is New Delhi.
Denmark,Copenhagen,Copenhagen is known as the capital city of Denmark.
Oman,Muscat,The city of Muscat serves as the capital of Oman.
Czech Republic,Prague,Prague is the capital of Czech Republic.
Tunisia,Tunis,Tunis is the capital of Tunisia.
Russia,Moscow,The city of Moscow serves as the capital of Russia.
Thailand,Bangkok,Bangkok is known as the capital city of Thailand.
Chile,Santiago,Santiago is known as the capital city of Chile.
Ethiopia,Addis Ababa,"In Ethiopia, the capital city is Addis Ababa."
United States,Washington,Washington is located in United States and it is the capital.
Egypt,Cairo,Cairo is the capital of Egypt.
United States,Washington,Washington is located in United States and it is the capital.
Japan,Tokyo,The capital of Japan is Tokyo.
Greece,Athens,Athens is known as the capital city of Greece.
Kuwait,Kuwait City,Kuwait City is located in Kuwait and it is the capital.
Morocco,Rabat,The city of Rabat serves as the capital of Morocco.
United Arab Emirates,Abu Dhabi,Abu Dhabi is known as the capital city of United Arab Emirates.
Indonesia,Jakarta,Indonesia has a capital called Jakarta.
United Arab Emirates,Abu Dhabi,"In United Arab Emirates, the capital city is Abu Dhabi."
Iran,Tehran,Tehran is located in Iran and it is the capital.
Venezuela,Caracas,Caracas is located in Venezuela and it is the capital.
Finland,Helsinki,The city of Helsinki serves as the capital of Finland.
Mexico,Mexico City,Mexico City is located in Mexico and it is the capital.
Switzerland,Bern,The capital of Switzerland is Bern.
Poland,Warsaw,Everyone knows that the capital of Poland is Warsaw.
Libya,Tripoli,The main capital city of Libya is Tripoli.
United Kingdom,London,"In United Kingdom, the capital city is London."
Switzerland,Bern,Bern is known as the capital city of Switzerland.
Nigeria,Abuja,The main capital city of Nigeria is Abuja.
Russia,Moscow,The main capital city of Russia is Moscow.
Switzerland,Bern,Switzerland has a capital called Bern.
Spain,Madrid,Everyone knows that the capital of Spain is Madrid.
New Zealand,Wellington,Wellington is located in New Zealand and it is the capital.
Colombia,Bogota,The city of Bogota serves as the capital of Colombia.
Norway,Oslo,Norway has a capital called Oslo.
Brazil,Brasilia,Brasilia is located in Brazil and it is the capital.
Iran,Tehran,Everyone knows that the capital of Iran is Tehran.
Finland,Helsinki,"In Finland, the capital city is Helsinki."
Japan,Tokyo,The city of Tokyo serves as the capital of Japan.
Switzerland,Bern,The capital of Switzerland is Bern.
Libya,Tripoli,Everyone knows that the capital of Libya is Tripoli.
Saudi Arabia,Riyadh,Riyadh is the capital of Saudi Arabia.
Ethiopia,Addis Ababa,Addis Ababa is known as the capital city of Ethiopia.
Brazil,Brasilia,Brasilia is located in Brazil and it is the capital.
United States,Washington,The main capital city of United States is Washington.
Qatar,Doha,The capital of Qatar is Doha.
Venezuela,Caracas,Everyone knows that the capital of Venezuela is Caracas.
Saudi Arabia,Riyadh,The main capital city of Saudi Arabia is Riyadh.
Libya,Tripoli,Tripoli is located in Libya and it is the capital.
Australia,Canberra,Canberra is known as the capital city of Australia.
Argentina,Buenos Aires,Argentina has a capital called Buenos Aires.
United Kingdom,London,United Kingdom has a capital called London.
South Africa,Pretoria,South Africa has a capital called Pretoria.
Spain,Madrid,The capital of Spain is Madrid.
Australia,Canberra,The main capital city of Australia is Canberra.
Libya,Tripoli,The country Libya has its capital in Tripoli.
United Kingdom,London,"In United Kingdom, the capital city is London."
Senegal,Dakar,The main capital city of Senegal is Dakar.
Ethiopia,Addis Ababa,Addis Ababa is known as the capital city of Ethiopia.
Nigeria,Abuja,Abuja is located in Nigeria and it is the capital.
Peru,Lima,Everyone knows that the capital of Peru is Lima.
Thailand,Bangkok,Bangkok is known as the capital city of Thailand.
Netherlands,Amsterdam,Amsterdam is the capital of Netherlands.
Turkey,Ankara,Ankara is known as the capital city of Turkey.
Hungary,Budapest,Hungary has a capital called Budapest.
Saudi Arabia,Riyadh,Riyadh is known as the capital city of Saudi Arabia.
Italy,Rome,Rome is known as the capital city of Italy.
Australia,Canberra,Canberra is located in Australia and it is the capital.
Ireland,Dublin,The capital of Ireland is Dublin.
United States,Washington,Washington is located in United States and it is the capital.
Morocco,Rabat,Morocco has a capital called Rabat.
Venezuela,Caracas,The city of Caracas serves as the capital of Venezuela.
Tunisia,Tunis,"In Tunisia, the capital city is Tunis."
United Arab Emirates,Abu Dhabi,United Arab Emirates has a capital called Abu Dhabi.
United Kingdom,London,The capital of United Kingdom is London.
Switzerland,Bern,Bern is the capital of Switzerland.
Ireland,Dublin,Dublin is located in Ireland and it is the capital.
Japan,Tokyo,The country Japan has its capital in Tokyo.
Switzerland,Bern,Everyone knows that the capital of Switzerland is Bern.
Germany,Berlin,"In Germany, the capital city is Berlin."
Ethiopia,Addis Ababa,"In Ethiopia, the capital city is Addis Ababa."
Thailand,Bangkok,Bangkok is the capital of Thailand.
Thailand,Bangkok,The capital of Thailand is Bangkok.
Oman,Muscat,Everyone knows that the capital of Oman is Muscat.
United Arab Emirates,Abu Dhabi,Abu Dhabi is the capital of United Arab Emirates.
Kuwait,Kuwait City,Everyone knows that the capital of Kuwait is Kuwait City.
Venezuela,Caracas,The country Venezuela has its capital in Caracas.
South Korea,Seoul,Everyone knows that the capital of South Korea is Seoul.
United Arab Emirates,Abu Dhabi,Abu Dhabi is known as the capital city of United Arab Emirates.
Chile,Santiago,Everyone knows that the capital of Chile is Santiago.
Canada,Ottawa,Ottawa is known as the capital city of Canada.
Algeria,Algiers,The city of Algiers serves as the capital of Algeria.
United States,Washington,Washington is located in United States and it is the capital.
Nigeria,Abuja,The country Nigeria has its capital in Abuja.
Indonesia,Jakarta,The capital of Indonesia is Jakarta.
Saudi Arabia,Riyadh,The capital of Saudi Arabia is Riyadh.
Portugal,Lisbon,"In Portugal, the capital city is Lisbon."
New Zealand,Wellington,Wellington is the capital of New Zealand.
Chile,Santiago,Chile has a capital called Santiago.
Nigeria,Abuja,Everyone knows that the capital of Nigeria is Abuja.
Portugal,Lisbon,The main capital city of Portugal is Lisbon.
Spain,Madrid,The main capital city of Spain is Madrid.
Finland,Helsinki,Helsinki is known as the capital city of Finland.
Egypt,Cairo,Everyone knows that the capital of Egypt is Cairo.
Qatar,Doha,The main capital city of Qatar is Doha.
Senegal,Dakar,The country Senegal has its capital in Dakar.
Italy,Rome,The city of Rome serves as the capital of Italy.
Germany,Berlin,Germany has a capital called Berlin.
Kuwait,Kuwait City,The city of Kuwait City serves as the capital of Kuwait.
Brazil,Brasilia,Brazil has a capital called Brasilia.
Nigeria,Abuja,The country Nigeria has its capital in Abuja.
Denmark,Copenhagen,"In Denmark, the capital city is Copenhagen."
Iran,Tehran,The main capital city of Iran is Tehran.
Australia,Canberra,Canberra is located in Australia and it is the capital.
Russia,Moscow,The main capital city of Russia is Moscow.
Russia,Moscow,The capital of Russia is Moscow.
South Africa,Pretoria,The capital of South Africa is Pretoria.
Thailand,Bangkok,Everyone knows that the capital of Thailand is Bangkok.
Kenya,Nairobi,The capital of Kenya is Nairobi.
Qatar,Doha,The country Qatar has its capital in Doha.
Portugal,Lisbon,The capital of Portugal is Lisbon.
Ghana,Accra,Accra is known as the capital city of Ghana.
Indonesia,Jakarta,The capital of Indonesia is Jakarta.
Portugal,Lisbon,The capital of Portugal is Lisbon.
Spain,Madrid,Madrid is the capital of Spain.
Ireland,Dublin,The capital of Ireland is Dublin.
Denmark,Copenhagen,"In Denmark, the capital city is Copenhagen."
Algeria,Algiers,Algiers is known as the capital city of Algeria.
New Zealand,Wellington,Wellington is known as the capital city of New Zealand.
Kenya,Nairobi,Everyone knows that the capital of Kenya is Nairobi.
South Africa,Pretoria,The country South Africa has its capital in Pretoria.
Turkey,Ankara,The main capital city of Turkey is Ankara.
Argentina,Buenos Aires,The country Argentina has its capital in Buenos Aires.
Canada,Ottawa,The main capital city of Canada is Ottawa.
Sweden,Stockholm,Everyone knows that the capital of Sweden is Stockholm.
Nigeria,Abuja,The capital of Nigeria is Abuja.
Japan,Tokyo,Japan has a capital called Tokyo.
Czech Republic,Prague,The capital of Czech Republic is Prague.
South Africa,Pretoria,The city of Pretoria serves as the capital of South Africa.
Ireland,Dublin,Dublin is the capital of Ireland.
Chile,Santiago,Everyone knows that the capital of Chile is Santiago.
Oman,Muscat,The main capital city of Oman is Muscat.
Kenya,Nairobi,Nairobi is the capital of Kenya.
Russia,Moscow,Moscow is the capital of Russia.
Hungary,Budapest,Hungary has a capital called Budapest.
Poland,Warsaw,The main capital city of Poland is Warsaw.
Egypt,Cairo,The country Egypt has its capital in Cairo.
Japan,Tokyo,The city of Tokyo serves as the capital of Japan.
Norway,Oslo,"In Norway, the capital city is Oslo."
Chile,Santiago,The main capital city of Chile is Santiago.
Qatar,Doha,Doha is the capital of Qatar.
France,Paris,The capital of France is Paris.
Belgium,Brussels,"In Belgium, the capital city is Brussels."
Spain,Madrid,Madrid is known as the capital city of Spain.
Norway,Oslo,Oslo is the capital of Norway.
Egypt,Cairo,Cairo is known as the capital city of Egypt.
Japan,Tokyo,Everyone knows that the capital of Japan is Tokyo.
Venezuela,Caracas,Caracas is known as the capital city of Venezuela.
Canada,Ottawa,The main capital city of Canada is Ottawa.
Algeria,Algiers,"In Algeria, the capital city is Algiers."
United States,Washington,The main capital city of United States is Washington.
Netherlands,Amsterdam,Netherlands has a capital called Amsterdam.
Canada,Ottawa,Ottawa is the capital of Canada.
Argentina,Buenos Aires,The city of Buenos Aires serves as the capital of Argentina.
Qatar,Doha,Qatar has a capital called Doha.
Netherlands,Amsterdam,The capital of Netherlands is Amsterdam.
Poland,Warsaw,"In Poland, the capital city is Warsaw."
Morocco,Rabat,The main capital city of Morocco is Rabat.
Oman,Muscat,Everyone knows that the capital of Oman is Muscat.
Russia,Moscow,Moscow is the capital of Russia.
United Kingdom,London,The main capital city of United Kingdom is London.
Chile,Santiago,Santiago is known as the capital city of Chile.
Netherlands,Amsterdam,"In Netherlands, the capital city is Amsterdam."
Saudi Arabia,Riyadh,The capital of Saudi Arabia is Riyadh.
Ghana,Accra,Ghana has a capital called Accra.
Nigeria,Abuja,The country Nigeria has its capital in Abuja.
South Africa,Pretoria,Pretoria is known as the capital city of South Africa.
Indonesia,Jakarta,Jakarta is the capital of Indonesia.
Sweden,Stockholm,Stockholm is located in Sweden and it is the capital.
Portugal,Lisbon,The country Portugal has its capital in Lisbon.
Venezuela,Caracas,Caracas is located in Venezuela and it is the capital.
Kenya,Nairobi,Nairobi is known as the capital city of Kenya.
Belgium,Brussels,The main capital city of Belgium is Brussels.
Kenya,Nairobi,The capital of Kenya is Nairobi.
United States,Washington,The country United States has its capital in Washington.
Switzerland,Bern,Bern is located in Switzerland and it is the capital.
Senegal,Dakar,The main capital city of Senegal is Dakar.
Turkey,Ankara,Everyone knows that the capital of Turkey is Ankara.
Australia,Canberra,Canberra is located in Australia and it is the capital.
Peru,Lima,Lima is located in Peru and it is the capital.
Egypt,Cairo,Everyone knows that the capital of Egypt is Cairo.
Japan,Tokyo,The city of Tokyo serves as the capital of Japan.
Hungary,Budapest,Budapest is known as the capital city of Hungary.
Indonesia,Jakarta,The main capital city of Indonesia is Jakarta.
Sweden,Stockholm,"In Sweden, the capital city is Stockholm."
Switzerland,Bern,The capital of Switzerland is Bern.
South Korea,Seoul,The main capital city of South Korea is Seoul.
Japan,Tokyo,Everyone knows that the capital of Japan is Tokyo.
India,New Delhi,New Delhi is the capital of India.
Japan,Tokyo,The country Japan has its capital in Tokyo.
Tunisia,Tunis,The main capital city of Tunisia is Tunis.
New Zealand,Wellington,Wellington is known as the capital city of New Zealand.
Saudi Arabia,Riyadh,Riyadh is known as the capital city of Saudi Arabia.
South Korea,Seoul,Seoul is located in South Korea and it is the capital.
Switzerland,Bern,Bern is located in Switzerland and it is the capital.
Ireland,Dublin,Ireland has a capital called Dublin.
Algeria,Algiers,"In Algeria, the capital city is Algiers."
Kenya,Nairobi,Nairobi is the capital of Kenya.
Spain,Madrid,The country Spain has its capital in Madrid.
Hungary,Budapest,The capital of Hungary is Budapest.
United Kingdom,London,London is known as the capital city of United Kingdom.
Chile,Santiago,Santiago is located in Chile and it is the capital.
China,Beijing,Beijing is the capital of China.
Tunisia,Tunis,The capital of Tunisia is Tunis.
South Africa,Pretoria,Pretoria is located in South Africa and it is the capital.
Iran,Tehran,The city of Tehran serves as the capital of Iran.
Peru,Lima,The main capital city of Peru is Lima.
Ethiopia,Addis Ababa,The capital of Ethiopia is Addis Ababa.
United Kingdom,London,The country United Kingdom has its capital in London.
Ireland,Dublin,Dublin is the capital of Ireland.
China,Beijing,The city of Beijing serves as the capital of China.
Italy,Rome,Rome is known as the capital city of Italy.
Saudi Arabia,Riyadh,Saudi Arabia has a capital called Riyadh.
Sweden,Stockholm,Sweden has a capital called Stockholm.
Hungary,Budapest,Budapest is known as the capital city of Hungary.
Senegal,Dakar,The capital of Senegal is Dakar.
Finland,Helsinki,Helsinki is located in Finland and it is the capital.
Japan,Tokyo,The main capital city of Japan is Tokyo.
Germany,Berlin,Everyone knows that the capital of Germany is Berlin.
Ireland,Dublin,Everyone knows that the capital of Ireland is Dublin.
Tunisia,Tunis,Everyone knows that the capital of Tunisia is Tunis.
Thailand,Bangkok,Bangkok is the capital of Thailand.
Germany,Berlin,Berlin is the capital of Germany.
Germany,Berlin,Berlin is located in Germany and it is the capital.
Greece,Athens,The country Greece has its capital in Athens.
United Arab Emirates,Abu Dhabi,Abu Dhabi is the capital of United Arab Emirates.
New Zealand,Wellington,The main capital city of New Zealand is Wellington.
Belgium,Brussels,The city of Brussels serves as the capital of Belgium.
United States,Washington,Washington is the capital of United States.
Venezuela,Caracas,The city of Caracas serves as the capital of Venezuela.
Peru,Lima,Lima is located in Peru and it is the capital.
Denmark,Copenhagen,Denmark has a capital called Copenhagen.
Norway,Oslo,Oslo is known as the capital city of Norway.
Greece,Athens,The main capital city of Greece is Athens.
Argentina,Buenos Aires,The country Argentina has its capital in Buenos Aires.
Thailand,Bangkok,The main capital city of Thailand is Bangkok.
Kuwait,Kuwait City,Kuwait City is located in Kuwait and it is the capital.
Algeria,Algiers,The city of Algiers serves as the capital of Algeria.
Portugal,Lisbon,The capital of Portugal is Lisbon.
Turkey,Ankara,Ankara is known as the capital city of Turkey.
South Korea,Seoul,South Korea has a capital called Seoul.
Chile,Santiago,The city of Santiago serves as the capital of Chile.
Indonesia,Jakarta,Jakarta is known as the capital city of Indonesia.
France,Paris,Paris is located in France and it is the capital.
Finland,Helsinki,Helsinki is the capital of Finland.
Kuwait,Kuwait City,Kuwait City is the capital of Kuwait.
France,Paris,The country France has its capital in Paris.
Japan,Tokyo,Tokyo is located in Japan and it is the capital.
Mexico,Mexico City,The capital of Mexico is Mexico City.
Venezuela,Caracas,The city of Caracas serves as the capital of Venezuela.
United Kingdom,London,"In United Kingdom, the capital city is London."
Canada,Ottawa,Ottawa is located in Canada and it is the capital.
Austria,Vienna,The capital of Austria is Vienna.
Colombia,Bogota,Bogota is known as the capital city of Colombia.
Senegal,Dakar,The country Senegal has its capital in Dakar.
Chile,Santiago,Chile has a capital called Santiago.
Belgium,Brussels,Everyone knows that the capital of Belgium is Brussels.
Hungary,Budapest,Budapest is the capital of Hungary.
India,New Delhi,The country India has its capital in New Delhi.
Chile,Santiago,Everyone knows that the capital of Chile is Santiago.
Finland,Helsinki,Helsinki is located in Finland and it is the capital.
France,Paris,The main capital city of France is Paris.
Morocco,Rabat,Rabat is located in Morocco and it is the capital.
Sweden,Stockholm,The city of Stockholm serves as the capital of Sweden.
Saudi Arabia,Riyadh,The country Saudi Arabia has its capital in Riyadh.
United States,Washington,Washington is known as the capital city of United States.
Libya,Tripoli,"In Libya, the capital city is Tripoli."
Netherlands,Amsterdam,Amsterdam is known as the capital city of Netherlands.
United States,Washington,Washington is located in United States and it is the capital.
Belgium,Brussels,"In Belgium, the capital city is Brussels."
Thailand,Bangkok,Bangkok is the capital of Thailand.
Finland,Helsinki,Helsinki is located in Finland and it is the capital.
Indonesia,Jakarta,Jakarta is known as the capital city of Indonesia.
Chile,Santiago,Santiago is known as the capital city of Chile.
Italy,Rome,The capital of Italy is Rome.
Argentina,Buenos Aires,The capital of Argentina is Buenos Aires.
Tunisia,Tunis,Tunis is located in Tunisia and it is the capital.
Indonesia,Jakarta,The country Indonesia has its capital in Jakarta.
Poland,Warsaw,The city of Warsaw serves as the capital of Poland.
Tunisia,Tunis,Tunis is the capital of Tunisia.
Kenya,Nairobi,The main capital city of Kenya is Nairobi.
Brazil,Brasilia,Brasilia is known as the capital city of Brazil.
Denmark,Copenhagen,The main capital city of Denmark is Copenhagen.
Thailand,Bangkok,Bangkok is located in Thailand and it is the capital.
Ghana,Accra,Accra is known as the capital city of Ghana.
Argentina,Buenos Aires,The capital of Argentina is Buenos Aires.
Czech Republic,Prague,Czech Republic has a capital called Prague.
Chile,Santiago,The main capital city of Chile is Santiago.
Venezuela,Caracas,The main capital city of Venezuela is Caracas.
India,New Delhi,New Delhi is located in India and it is the capital.
Belgium,Brussels,Brussels is known as the capital city of Belgium.
Ireland,Dublin,The country Ireland has its capital in Dublin.
Finland,Helsinki,The capital of Finland is Helsinki.
Italy,Rome,The country Italy has its capital in Rome.
Qatar,Doha,Qatar has a capital called Doha.
India,New Delhi,New Delhi is known as the capital city of India.
Kenya,Nairobi,The capital of Kenya is Nairobi.
Ghana,Accra,The city of Accra serves as the capital of Ghana.
Senegal,Dakar,Dakar is located in Senegal and it is the capital.
Australia,Canberra,The country Australia has its capital in Canberra.
Venezuela,Caracas,"In Venezuela, the capital city is Caracas."
India,New Delhi,The capital of India is New Delhi.
Indonesia,Jakarta,Jakarta is known as the capital city of Indonesia.
Greece,Athens,Everyone knows that the capital of Greece is Athens.
New Zealand,Wellington,Everyone knows that the capital of New Zealand is Wellington.
Venezuela,Caracas,The main capital city of Venezuela is Caracas.
Japan,Tokyo,Japan has a capital called Tokyo.
China,Beijing,The country China has its capital in Beijing.
Qatar,Doha,The country Qatar has its capital in Doha.
Czech Republic,Prague,The country Czech Republic has its capital in Prague.
Austria,Vienna,Vienna is known as the capital city of Austria.
Ethiopia,Addis Ababa,Addis Ababa is the capital of Ethiopia.
Argentina,Buenos Aires,Argentina has a capital called Buenos Aires.
Nigeria,Abuja,Nigeria has a capital called Abuja.
Brazil,Brasilia,The main capital city of Brazil is Brasilia.
Senegal,Dakar,"In Senegal, the capital city is Dakar."
Indonesia,Jakarta,The capital of Indonesia is Jakarta.
Colombia,Bogota,Bogota is located in Colombia and it is the capital.
Indonesia,Jakarta,Jakarta is known as the capital city of Indonesia.
Belgium,Brussels,"In Belgium, the capital city is Brussels."
Morocco,Rabat,Everyone knows that the capital of Morocco is Rabat.
Chile,Santiago,Santiago is known as the capital city of Chile.
Canada,Ottawa,Ottawa is known as the capital city of Canada.
Peru,Lima,The country Peru has its capital in Lima.
Hungary,Budapest,The main capital city of Hungary is Budapest.
Thailand,Bangkok,Bangkok is known as the capital city of Thailand.
New Zealand,Wellington,The country New Zealand has its capital in Wellington.
United States,Washington,"In United States, the capital city is Washington."
Austria,Vienna,Vienna is known as the capital city of Austria.
Kenya,Nairobi,The main capital city of Kenya is Nairobi.
Czech Republic,Prague,Prague is known as the capital city of Czech Republic.
South Africa,Pretoria,Pretoria is known as the capital city of South Africa.
Norway,Oslo,Oslo is the capital of Norway.
Belgium,Brussels,Everyone knows that the capital of Belgium is Brussels.
Tunisia,Tunis,Tunisia has a capital called Tunis.
France,Paris,The city of Paris serves as the capital of France.
Poland,Warsaw,The main capital city of Poland is Warsaw.
Australia,Canberra,The city of Canberra serves as the capital of Australia.
Japan,Tokyo,"In Japan, the capital city is Tokyo."
Brazil,Brasilia,"In Brazil, the capital city is Brasilia."
United Kingdom,London,United Kingdom has a capital called London.
United Kingdom,London,The main capital city of United Kingdom is London.
Brazil,Brasilia,Brasilia is located in Brazil and it is the capital.
Libya,Tripoli,The main capital city of Libya is Tripoli.
Belgium,Brussels,Brussels is located in Belgium and it is the capital.
Algeria,Algiers,"In Algeria, the capital city is Algiers."
Norway,Oslo,"In Norway, the capital city is Oslo."
Venezuela,Caracas,"In Venezuela, the capital city is Caracas."
Greece,Athens,The capital of Greece is Athens.
Iran,Tehran,Iran has a capital called Tehran.
Kuwait,Kuwait City,"In Kuwait, the capital city is Kuwait City."
Portugal,Lisbon,The city of Lisbon serves as the capital of Portugal.
Chile,Santiago,The country Chile has its capital in Santiago.
Japan,Tokyo,Tokyo is located in Japan and it is the capital.
Spain,Madrid,"In Spain, the capital city is Madrid."
Czech Republic,Prague,The main capital city of Czech Republic is Prague.
France,Paris,Everyone knows that the capital of France is Paris.
Indonesia,Jakarta,The main capital city of Indonesia is Jakarta.
Portugal,Lisbon,The main capital city of Portugal is Lisbon.
Morocco,Rabat,The capital of Morocco is Rabat.
South Africa,Pretoria,Everyone knows that the capital of South Africa is Pretoria.
Ghana,Accra,Ghana has a capital called Accra.
China,Beijing,Everyone knows that the capital of China is Beijing.
Switzerland,Bern,"In Switzerland, the capital city is Bern."
Norway,Oslo,Norway has a capital called Oslo.
Iran,Tehran,Tehran is known as the capital city of Iran.
Finland,Helsinki,Helsinki is the capital of Finland.
South Africa,Pretoria,South Africa has a capital called Pretoria.
Senegal,Dakar,The country Senegal has its capital in Dakar.
South Korea,Seoul,"In South Korea, the capital city is Seoul."
Ireland,Dublin,The main capital city of Ireland is Dublin.
Finland,Helsinki,The city of Helsinki serves as the capital of Finland.
Saudi Arabia,Riyadh,The main capital city of Saudi Arabia is Riyadh.
Chile,Santiago,"In Chile, the capital city is Santiago."
Turkey,Ankara,The country Turkey has its capital in Ankara.
Switzerland,Bern,Everyone knows that the capital of Switzerland is Bern.
Egypt,Cairo,"In Egypt, the capital city is Cairo."
Denmark,Copenhagen,Denmark has a capital called Copenhagen.
Czech Republic,Prague,Prague is known as the capital city of Czech Republic.
Czech Republic,Prague,The main capital city of Czech Republic is Prague.
India,New Delhi,The country India has its capital in New Delhi.
Finland,Helsinki,Helsinki is located in Finland and it is the capital.
Russia,Moscow,The country Russia has its capital in Moscow.
Saudi Arabia,Riyadh,Riyadh is located in Saudi Arabia and it is the capital.
Indonesia,Jakarta,"In Indonesia, the capital city is Jakarta."
Peru,Lima,The city of Lima serves as the capital of Peru.
Chile,Santiago,Santiago is located in Chile and it is the capital.
Nigeria,Abuja,Abuja is located in Nigeria and it is the capital.
Libya,Tripoli,Libya has a capital called Tripoli.
Sweden,Stockholm,The main capital city of Sweden is Stockholm.
China,Beijing,Beijing is known as the capital city of China.
Mexico,Mexico City,The capital of Mexico is Mexico City.
Argentina,Buenos Aires,Buenos Aires is the capital of Argentina.
Ireland,Dublin,The capital of Ireland is Dublin.
Spain,Madrid,"In Spain, the capital city is Madrid."
Japan,Tokyo,Tokyo is the capital of Japan.
Poland,Warsaw,The city of Warsaw serves as the capital of Poland.
Mexico,Mexico City,Mexico City is the capital of Mexico.
Sweden,Stockholm,Stockholm is the capital of Sweden.
Ireland,Dublin,Ireland has a capital called Dublin.
Libya,Tripoli,Tripoli is located in Libya and it is the capital.
United States,Washington,"In United States, the capital city is Washington."
Libya,Tripoli,Tripoli is known as the capital city of Libya.
Sweden,Stockholm,Sweden has a capital called Stockholm.
Libya,Tripoli,Tripoli is the capital of Libya.
Australia,Canberra,Canberra is known as the capital city of Australia.
Russia,Moscow,Russia has a capital called Moscow.
Denmark,Copenhagen,The country Denmark has its capital in Copenhagen.
Norway,Oslo,The capital of Norway is Oslo.
Czech Republic,Prague,"In Czech Republic, the capital city is Prague."
South Africa,Pretoria,The country South Africa has its capital in Pretoria.
Venezuela,Caracas,Caracas is the capital of Venezuela.
South Korea,Seoul,South Korea has a capital called Seoul.
Morocco,Rabat,Rabat is the capital of Morocco.
Spain,Madrid,The capital of Spain is Madrid.
Nigeria,Abuja,"In Nigeria, the capital city is Abuja."
Colombia,Bogota,The city of Bogota serves as the capital of Colombia.
Netherlands,Amsterdam,Amsterdam is known as the capital city of Netherlands.
Russia,Moscow,The country Russia has its capital in Moscow.
Denmark,Copenhagen,The capital of Denmark is Copenhagen.
South Africa,Pretoria,Everyone knows that the capital of South Africa is Pretoria.
Netherlands,Amsterdam,The main capital city of Netherlands is Amsterdam.
Qatar,Doha,Doha is located in Qatar and it is the capital.
Turkey,Ankara,The country Turkey has its capital in Ankara.
Turkey,Ankara,The capital of Turkey is Ankara.
Canada,Ottawa,The city of Ottawa serves as the capital of Canada.
Japan,Tokyo,The city of Tokyo serves as the capital of Japan.
South Korea,Seoul,The capital of South Korea is Seoul.
Germany,Berlin,Berlin is the capital of Germany.
Egypt,Cairo,Everyone knows that the capital of Egypt is Cairo.
Japan,Tokyo,Tokyo is located in Japan and it is the capital.
Germany,Berlin,The capital of Germany is Berlin.
Mexico,Mexico City,"In Mexico, the capital city is Mexico City."
Sweden,Stockholm,Stockholm is known as the capital city of Sweden.
India,New Delhi,India has a capital called New Delhi.
Libya,Tripoli,Libya has a capital called Tripoli.
Poland,Warsaw,The city of Warsaw serves as the capital of Poland.
South Africa,Pretoria,The city of Pretoria serves as the capital of South Africa.
Canada,Ottawa,The city of Ottawa serves as the capital of Canada.
South Korea,Seoul,Everyone knows that the capital of South Korea is Seoul.
Kenya,Nairobi,The country Kenya has its capital in Nairobi.
Venezuela,Caracas,The capital of Venezuela is Caracas.
Morocco,Rabat,The capital of Morocco is Rabat.
Austria,Vienna,Vienna is located in Austria and it is the capital.
Kuwait,Kuwait City,Kuwait City is the capital of Kuwait.
Libya,Tripoli,The capital of Libya is Tripoli.
Czech Republic,Prague,Prague is the capital of Czech Republic.
Japan,Tokyo,The country Japan has its capital in Tokyo.
Chile,Santiago,"In Chile, the capital city is Santiago."
Sweden,Stockholm,The main capital city of Sweden is Stockholm.
Saudi Arabia,Riyadh,The country Saudi Arabia has its capital in Riyadh.
Nigeria,Abuja,The capital of Nigeria is Abuja.
United States,Washington,The city of Washington serves as the capital of United States.
Algeria,Algiers,Algiers is the capital of Algeria.
Spain,Madrid,The main capital city of Spain is Madrid.
Belgium,Brussels,The city of Brussels serves as the capital of Belgium.
Nigeria,Abuja,The country Nigeria has its capital in Abuja.
Saudi Arabia,Riyadh,The city of Riyadh serves as the capital of Saudi Arabia.
Chile,Santiago,Chile has a capital called Santiago.
Algeria,Algiers,Algiers is the capital of Algeria.
Qatar,Doha,Everyone knows that the capital of Qatar is Doha.
Chile,Santiago,Everyone knows that the capital of Chile is Santiago.
Ghana,Accra,Accra is located in Ghana and it is the capital.
Nigeria,Abuja,The main capital city of Nigeria is Abuja.
Kenya,Nairobi,Nairobi is known as the capital city of Kenya.
Ghana,Accra,"In Ghana, the capital city is Accra."
Australia,Canberra,Canberra is the capital of Australia.
Saudi Arabia,Riyadh,"In Saudi Arabia, the capital city is Riyadh."
Ireland,Dublin,Dublin is known as the capital city of Ireland.
Switzerland,Bern,Bern is known as the capital city of Switzerland.
Ethiopia,Addis Ababa,Ethiopia has a capital called Addis Ababa.
Turkey,Ankara,The country Turkey has its capital in Ankara.
Egypt,Cairo,Cairo is the capital of Egypt.
Switzerland,Bern,The main capital city of Switzerland is Bern.
New Zealand,Wellington,Wellington is known as the capital city of New Zealand.
Senegal,Dakar,Everyone knows that the capital of Senegal is Dakar.
Kenya,Nairobi,The city of Nairobi serves as the capital of Kenya.
Denmark,Copenhagen,Copenhagen is known as the capital city of Denmark.
Kenya,Nairobi,The city of Nairobi serves as the capital of Kenya.
United Kingdom,London,London is the capital of United Kingdom.
Czech Republic,Prague,"In Czech Republic, the capital city is Prague."
Ireland,Dublin,The country Ireland has its capital in Dublin.
Venezuela,Caracas,Caracas is known as the capital city of Venezuela.
Iran,Tehran,The city of Tehran serves as the capital of Iran.
Chile,Santiago,The country Chile has its capital in Santiago.
Germany,Berlin,Berlin is located in Germany and it is the capital.
New Zealand,Wellington,"In New Zealand, the capital city is Wellington."
United States,Washington,Washington is located in United States and it is the capital.
Senegal,Dakar,Dakar is known as the capital city of Senegal.
Japan,Tokyo,The main capital city of Japan is Tokyo.
South Africa,Pretoria,The city of Pretoria serves as the capital of South Africa.
Qatar,Doha,Everyone knows that the capital of Qatar is Doha.
Australia,Canberra,Canberra is located in Australia and it is the capital.
Belgium,Brussels,"In Belgium, the capital city is Brussels."
Morocco,Rabat,The city of Rabat serves as the capital of Morocco.
Tunisia,Tunis,"In Tunisia, the capital city is Tunis."
Sweden,Stockholm,Everyone knows that the capital of Sweden is Stockholm.
India,New Delhi,The capital of India is New Delhi.
Kuwait,Kuwait City,"In Kuwait, the capital city is Kuwait City."
France,Paris,The main capital city of France is Paris.
Czech Republic,Prague,The country Czech Republic has its capital in Prague.
Kenya,Nairobi,Kenya has a capital called Nairobi.
Norway,Oslo,"In Norway, the capital city is Oslo."
Sweden,Stockholm,Stockholm is located in Sweden and it is the capital.
Indonesia,Jakarta,Everyone knows that the capital of Indonesia is Jakarta.
Austria,Vienna,The city of Vienna serves as the capital of Austria.
United Arab Emirates,Abu Dhabi,Abu Dhabi is known as the capital city of United Arab Emirates.
Sweden,Stockholm,The country Sweden has its capital in Stockholm.
Saudi Arabia,Riyadh,Saudi Arabia has a capital called Riyadh.
Qatar,Doha,The city of Doha serves as the capital of Qatar.
Oman,Muscat,Muscat is known as the capital city of Oman.
United Arab Emirates,Abu Dhabi,Abu Dhabi is known as the capital city of United Arab Emirates.
Germany,Berlin,Everyone knows that the capital of Germany is Berlin.
Germany,Berlin,Berlin is located in Germany and it is the capital.
Finland,Helsinki,The capital of Finland is Helsinki.
Ethiopia,Addis Ababa,The capital of Ethiopia is Addis Ababa.
Italy,Rome,The city of Rome serves as the capital of Italy.
Japan,Tokyo,Tokyo is located in Japan and it is the capital.
Sweden,Stockholm,"In Sweden, the capital city is Stockholm."
Indonesia,Jakarta,Jakarta is known as the capital city of Indonesia.
Norway,Oslo,The capital of Norway is Oslo.
Greece,Athens,The city of Athens serves as the capital of Greece.
Tunisia,Tunis,Tunisia has a capital called Tunis.
Sweden,Stockholm,"In Sweden, the capital city is Stockholm."
India,New Delhi,The country India has its capital in New Delhi.
Venezuela,Caracas,The capital of Venezuela is Caracas.
Japan,Tokyo,Everyone knows that the capital of Japan is Tokyo.
Chile,Santiago,Santiago is located in Chile and it is the capital.
Sweden,Stockholm,Stockholm is located in Sweden and it is the capital.
Tunisia,Tunis,The capital of Tunisia is Tunis.
Peru,Lima,"In Peru, the capital city is Lima."
Turkey,Ankara,"In Turkey, the capital city is Ankara."
Algeria,Algiers,The country Algeria has its capital in Algiers.
Egypt,Cairo,Cairo is known as the capital city of Egypt.
Tunisia,Tunis,Tunis is the capital of Tunisia.
Ireland,Dublin,The country Ireland has its capital in Dublin.
Iran,Tehran,Tehran is known as the capital city of Iran.
Spain,Madrid,The country Spain has its capital in Madrid.
Libya,Tripoli,The main capital city of Libya is Tripoli.
Ethiopia,Addis Ababa,The city of Addis Ababa serves as the capital of Ethiopia.
India,New Delhi,India has a capital called New Delhi.
Poland,Warsaw,"In Poland, the capital city is Warsaw."
Turkey,Ankara,The main capital city of Turkey is Ankara.
Peru,Lima,"In Peru, the capital city is Lima."
Iran,Tehran,The capital of Iran is Tehran.
United Arab Emirates,Abu Dhabi,Abu Dhabi is located in United Arab Emirates and it is the capital.
Kenya,Nairobi,Nairobi is the capital of Kenya.
Japan,Tokyo,Everyone knows that the capital of Japan is Tokyo.
Germany,Berlin,The country Germany has its capital in Berlin.
Senegal,Dakar,The main capital city of Senegal is Dakar.
Venezuela,Caracas,"In Venezuela, the capital city is Caracas."
Indonesia,Jakarta,Jakarta is located in Indonesia and it is the capital.
Egypt,Cairo,The capital of Egypt is Cairo.
Tunisia,Tunis,Tunisia has a capital called Tunis.
Saudi Arabia,Riyadh,Riyadh is known as the capital city of Saudi Arabia.
Senegal,Dakar,Dakar is the capital of Senegal.
Ireland,Dublin,The city of Dublin serves as the capital of Ireland.
China,Beijing,Everyone knows that the capital of China is Beijing.
Libya,Tripoli,The main capital city of Libya is Tripoli.
China,Beijing,The country China has its capital in Beijing.
Argentina,Buenos Aires,"In Argentina, the capital city is Buenos Aires."
Greece,Athens,"In Greece, the capital city is Athens."
Qatar,Doha,Doha is located in Qatar and it is the capital.
Netherlands,Amsterdam,Amsterdam is the capital of Netherlands.
Senegal,Dakar,The country Senegal has its capital in Dakar.
Egypt,Cairo,The city of Cairo serves as the capital of Egypt.
United Kingdom,London,United Kingdom has a capital called London.
Ethiopia,Addis Ababa,Ethiopia has a capital called Addis Ababa.
Thailand,Bangkok,The main capital city of Thailand is Bangkok.
Tunisia,Tunis,The country Tunisia has its capital in Tunis.
Japan,Tokyo,Japan has a capital called Tokyo.
Indonesia,Jakarta,Jakarta is located in Indonesia and it is the capital.
India,New Delhi,The capital of India is New Delhi.
Morocco,Rabat,"In Morocco, the capital city is Rabat."
Switzerland,Bern,The city of Bern serves as the capital of Switzerland.
Thailand,Bangkok,Everyone knows that the capital of Thailand is Bangkok.
Portugal,Lisbon,Portugal has a capital called Lisbon.
Tunisia,Tunis,Tunis is the capital of Tunisia.
South Africa,Pretoria,Pretoria is located in South Africa and it is the capital.
United Arab Emirates,Abu Dhabi,The country United Arab Emirates has its capital in Abu Dhabi.
Kenya,Nairobi,Nairobi is known as the capital city of Kenya.
South Africa,Pretoria,South Africa has a capital called Pretoria.
Greece,Athens,Everyone knows that the capital of Greece is Athens.
Ireland,Dublin,The country Ireland has its capital in Dublin.
Czech Republic,Prague,Czech Republic has a capital called Prague.
Australia,Canberra,"In Australia, the capital city is Canberra."
Finland,Helsinki,Everyone knows that the capital of Finland is Helsinki.
Greece,Athens,"In Greece, the capital city is Athens."
Peru,Lima,Lima is the capital of Peru.
New Zealand,Wellington,Wellington is known as the capital city of New Zealand.
Senegal,Dakar,Everyone knows that the capital of Senegal is Dakar.
China,Beijing,Beijing is located in China and it is the capital.
Netherlands,Amsterdam,Amsterdam is the capital of Netherlands.
United Kingdom,London,London is located in United Kingdom and it is the capital.
Russia,Moscow,"In Russia, the capital city is Moscow."
Chile,Santiago,The country Chile has its capital in Santiago.
India,New Delhi,Everyone knows that the capital of India is New Delhi.
South Korea,Seoul,Seoul is known as the capital city of South Korea.
Colombia,Bogota,Bogota is located in Colombia and it is the capital.
Ireland,Dublin,Dublin is the capital of Ireland.
Spain,Madrid,The main capital city of Spain is Madrid.
Nigeria,Abuja,The capital of Nigeria is Abuja.
Greece,Athens,Athens is located in Greece and it is the capital.
Netherlands,Amsterdam,The country Netherlands has its capital in Amsterdam.
South Korea,Seoul,The main capital city of South Korea is Seoul.
Netherlands,Amsterdam,Everyone knows that the capital of Netherlands is Amsterdam.
Hungary,Budapest,Budapest is the capital of Hungary.
Kuwait,Kuwait City,Everyone knows that the capital of Kuwait is Kuwait City.
China,Beijing,China has a capital called Beijing.
Sweden,Stockholm,The city of Stockholm serves as the capital of Sweden.
Netherlands,Amsterdam,The city of Amsterdam serves as the capital of Netherlands.
Belgium,Brussels,Brussels is known as the capital city of Belgium.
Thailand,Bangkok,Thailand has a capital called Bangkok.
Saudi Arabia,Riyadh,Riyadh is the capital of Saudi Arabia.
South Korea,Seoul,South Korea has a capital called Seoul.
Germany,Berlin,Berlin is located in Germany and it is the capital.
Egypt,Cairo,The main capital city of Egypt is Cairo.
Indonesia,Jakarta,Jakarta is the capital of Indonesia.
Belgium,Brussels,The main capital city of Belgium is Brussels.
Denmark,Copenhagen,"In Denmark, the capital city is Copenhagen."
Switzerland,Bern,The main capital city of Switzerland is Bern.
Poland,Warsaw,"In Poland, the capital city is Warsaw."
United Kingdom,London,The country United Kingdom has its capital in London.
Qatar,Doha,Doha is the capital of Qatar.
South Africa,Pretoria,South Africa has a capital called Pretoria.
Egypt,Cairo,Everyone knows that the capital of Egypt is Cairo.
Algeria,Algiers,Algeria has a capital called Algiers.
Nigeria,Abuja,Nigeria has a capital called Abuja.
Argentina,Buenos Aires,Buenos Aires is located in Argentina and it is the capital.
Norway,Oslo,The country Norway has its capital in Oslo.
South Africa,Pretoria,The capital of South Africa is Pretoria.
Libya,Tripoli,The country Libya has its capital in Tripoli.
Ethiopia,Addis Ababa,Addis Ababa is the capital of Ethiopia.
Kuwait,Kuwait City,The city of Kuwait City serves as the capital of Kuwait.
Ghana,Accra,Accra is the capital of Ghana.
Colombia,Bogota,Colombia has a capital called Bogota.
Algeria,Algiers,Everyone knows that the capital of Algeria is Algiers.
Qatar,Doha,Doha is located in Qatar and it is the capital.
Greece,Athens,Everyone knows that the capital of Greece is Athens.
Poland,Warsaw,Warsaw is the capital of Poland.
Mexico,Mexico City,Mexico City is the capital of Mexico.
Spain,Madrid,Madrid is the capital of Spain.
Ethiopia,Addis Ababa,The capital of Ethiopia is Addis Ababa.
Kuwait,Kuwait City,Kuwait City is located in Kuwait and it is the capital.
Germany,Berlin,Everyone knows that the capital of Germany is Berlin.
United Arab Emirates,Abu Dhabi,The main capital city of United Arab Emirates is Abu Dhabi.
Italy,Rome,The country Italy has its capital in Rome.
Indonesia,Jakarta,Jakarta is the capital of Indonesia.
Argentina,Buenos Aires,The capital of Argentina is Buenos Aires.
Brazil,Brasilia,The country Brazil has its capital in Brasilia.
Hungary,Budapest,Hungary has a capital called Budapest.
France,Paris,The country France has its capital in Paris.
Libya,Tripoli,The main capital city of Libya is Tripoli.
Czech Republic,Prague,Prague is the capital of Czech Republic.
Kuwait,Kuwait City,The capital of Kuwait is Kuwait City.
United Arab Emirates,Abu Dhabi,Everyone knows that the capital of United Arab Emirates is Abu Dhabi.
Poland,Warsaw,The main capital city of Poland is Warsaw.
Iran,Tehran,The country Iran has its capital in Tehran.
Oman,Muscat,The main capital city of Oman is Muscat.
Thailand,Bangkok,"In Thailand, the capital city is Bangkok."
South Korea,Seoul,"In South Korea, the capital city is Seoul."
United Arab Emirates,Abu Dhabi,The country United Arab Emirates has its capital in Abu Dhabi.
Egypt,Cairo,The main capital city of Egypt is Cairo.
Oman,Muscat,The capital of Oman is Muscat.
Netherlands,Amsterdam,The main capital city of Netherlands is Amsterdam.
Sweden,Stockholm,The city of Stockholm serves as the capital of Sweden.
Portugal,Lisbon,Lisbon is known as the capital city of Portugal.
South Korea,Seoul,The city of Seoul serves as the capital of South Korea.
Morocco,Rabat,The main capital city of Morocco is Rabat.
Oman,Muscat,Muscat is located in Oman and it is the capital.
Egypt,Cairo,Everyone knows that the capital of Egypt is Cairo.
Egypt,Cairo,The country Egypt has its capital in Cairo.
Portugal,Lisbon,The main capital city of Portugal is Lisbon.
Saudi Arabia,Riyadh,The capital of Saudi Arabia is Riyadh.
Nigeria,Abuja,"In Nigeria, the capital city is Abuja."
Portugal,Lisbon,The main capital city of Portugal is Lisbon.
Algeria,Algiers,"In Algeria, the capital city is Algiers."
Ireland,Dublin,Dublin is known as the capital city of Ireland.
Argentina,Buenos Aires,Buenos Aires is located in Argentina and it is the capital.
Australia,Canberra,The capital of Australia is Canberra.
United Kingdom,London,Everyone knows that the capital of United Kingdom is London.
Argentina,Buenos Aires,"In Argentina, the capital city is Buenos Aires."
Greece,Athens,Greece has a capital called Athens.
Venezuela,Caracas,The main capital city of Venezuela is Caracas.
Tunisia,Tunis,The main capital city of Tunisia is Tunis.
United States,Washington,Washington is known as the capital city of United States.
Japan,Tokyo,"In Japan, the capital city is Tokyo."
Switzerland,Bern,The capital of Switzerland is Bern.
Turkey,Ankara,Ankara is the capital of Turkey.
South Africa,Pretoria,The city of Pretoria serves as the capital of South Africa.
Ghana,Accra,Accra is known as the capital city of Ghana.
United Arab Emirates,Abu Dhabi,Abu Dhabi is known as the capital city of United Arab Emirates.
Kenya,Nairobi,The capital of Kenya is Nairobi.
Thailand,Bangkok,Thailand has a capital called Bangkok.
Australia,Canberra,Canberra is the capital of Australia.
Oman,Muscat,The country Oman has its capital in Muscat.
Switzerland,Bern,The main capital city of Switzerland is Bern.
Libya,Tripoli,"In Libya, the capital city is Tripoli."
Greece,Athens,The country Greece has its capital in Athens.
Indonesia,Jakarta,The country Indonesia has its capital in Jakarta.
Turkey,Ankara,The country Turkey has its capital in Ankara.
Ireland,Dublin,Dublin is the capital of Ireland.
Netherlands,Amsterdam,Everyone knows that the capital of Netherlands is Amsterdam.
Poland,Warsaw,The capital of Poland is Warsaw.
New Zealand,Wellington,The city of Wellington serves as the capital of New Zealand.
Austria,Vienna,Austria has a capital called Vienna.
Senegal,Dakar,Everyone knows that the capital of Senegal is Dakar.
Germany,Berlin,Berlin is located in Germany and it is the capital.
Brazil,Brasilia,Brasilia is located in Brazil and it is the capital.
Algeria,Algiers,The main capital city of Algeria is Algiers.
Netherlands,Amsterdam,Amsterdam is located in Netherlands and it is the capital.
Czech Republic,Prague,The main capital city of Czech Republic is Prague.
Thailand,Bangkok,Everyone knows that the capital of Thailand is Bangkok.
Hungary,Budapest,The capital of Hungary is Budapest.
Germany,Berlin,Berlin is known as the capital city of Germany.
Spain,Madrid,The capital of Spain is Madrid.
Saudi Arabia,Riyadh,Riyadh is the capital of Saudi Arabia.
Kuwait,Kuwait City,Kuwait City is the capital of Kuwait.
Poland,Warsaw,"In Poland, the capital city is Warsaw."
Portugal,Lisbon,Lisbon is located in Portugal and it is the capital.
Norway,Oslo,Oslo is known as the capital city of Norway.
Iran,Tehran,The country Iran has its capital in Tehran.
Finland,Helsinki,Helsinki is known as the capital city of Finland.
Venezuela,Caracas,Caracas is known as the capital city of Venezuela.
Iran,Tehran,The main capital city of Iran is Tehran.
Spain,Madrid,Madrid is the capital of Spain.
Australia,Canberra,"In Australia, the capital city is Canberra."
France,Paris,The main capital city of France is Paris.
Libya,Tripoli,The main capital city of Libya is Tripoli.
Iran,Tehran,The capital of Iran is Tehran.
Spain,Madrid,The main capital city of Spain is Madrid.
Thailand,Bangkok,The country Thailand has its capital in Bangkok.
United States,Washington,Washington is known as the capital city of United States.
Colombia,Bogota,Colombia has a capital called Bogota.
Ethiopia,Addis Ababa,Ethiopia has a capital called Addis Ababa.
Ethiopia,Addis Ababa,Everyone knows that the capital of Ethiopia is Addis Ababa.
Ireland,Dublin,The main capital city of Ireland is Dublin.
Nigeria,Abuja,Abuja is located in Nigeria and it is the capital.
South Africa,Pretoria,The country South Africa has its capital in Pretoria.
Netherlands,Amsterdam,The capital of Netherlands is Amsterdam.
Chile,Santiago,Everyone knows that the capital of Chile is Santiago.
Senegal,Dakar,Everyone knows that the capital of Senegal is Dakar.
Venezuela,Caracas,The city of Caracas serves as the capital of Venezuela.
Libya,Tripoli,The city of Tripoli serves as the capital of Libya.
Nigeria,Abuja,"In Nigeria, the capital city is Abuja."
Canada,Ottawa,"In Canada, the capital city is Ottawa."
Switzerland,Bern,The country Switzerland has its capital in Bern.
Germany,Berlin,Berlin is the capital of Germany.
China,Beijing,Beijing is known as the capital city of China.
Australia,Canberra,Canberra is the capital of Australia.
Libya,Tripoli,"In Libya, the capital city is Tripoli."
Tunisia,Tunis,The capital of Tunisia is Tunis.
Brazil,Brasilia,Brasilia is located in Brazil and it is the capital.
Italy,Rome,Everyone knows that the capital of Italy is Rome.
Denmark,Copenhagen,Denmark has a capital called Copenhagen.
India,New Delhi,India has a capital called New Delhi.
Norway,Oslo,"In Norway, the capital city is Oslo."
Morocco,Rabat,Rabat is located in Morocco and it is the capital.
United Arab Emirates,Abu Dhabi,The main capital city of United Arab Emirates is Abu Dhabi.
Thailand,Bangkok,The capital of Thailand is Bangkok.
Tunisia,Tunis,"In Tunisia, the capital city is Tunis."
Venezuela,Caracas,Caracas is known as the capital city of Venezuela.
Morocco,Rabat,The main capital city of Morocco is Rabat.
Austria,Vienna,The capital of Austria is Vienna.
Canada,Ottawa,The country Canada has its capital in Ottawa.
Australia,Canberra,Canberra is known as the capital city of Australia.
Turkey,Ankara,The capital of Turkey is Ankara.
Australia,Canberra,The city of Canberra serves as the capital of Australia.
Greece,Athens,The main capital city of Greece is Athens.
Iran,Tehran,The capital of Iran is Tehran.
Kuwait,Kuwait City,The country Kuwait has its capital in Kuwait City.
Canada,Ottawa,The main capital city of Canada is Ottawa.
South Africa,Pretoria,The country South Africa has its capital in Pretoria.
Tunisia,Tunis,Tunisia has a capital called Tunis.
Netherlands,Amsterdam,Netherlands has a capital called Amsterdam.
New Zealand,Wellington,The main capital city of New Zealand is Wellington.
Algeria,Algiers,The country Algeria has its capital in Algiers.
Hungary,Budapest,The country Hungary has its capital in Budapest.
Senegal,Dakar,Everyone knows that the capital of Senegal is Dakar.
Mexico,Mexico City,The city of Mexico City serves as the capital of Mexico.
Austria,Vienna,Vienna is the capital of Austria.
Peru,Lima,The city of Lima serves as the capital of Peru.
Austria,Vienna,Austria has a capital called Vienna.
New Zealand,Wellington,The country New Zealand has its capital in Wellington.
Poland,Warsaw,The main capital city of Poland is Warsaw.
Sweden,Stockholm,Stockholm is located in Sweden and it is the capital.
Belgium,Brussels,The country Belgium has its capital in Brussels.
Turkey,Ankara,The main capital city of Turkey is Ankara.
Ghana,Accra,Ghana has a capital called Accra.
Tunisia,Tunis,"In Tunisia, the capital city is Tunis."
Senegal,Dakar,Dakar is known as the capital city of Senegal.
Peru,Lima,The capital of Peru is Lima.
Russia,Moscow,The capital of Russia is Moscow.
United States,Washington,Everyone knows that the capital of United States is Washington.
Qatar,Doha,The country Qatar has its capital in Doha.
Chile,Santiago,The city of Santiago serves as the capital of Chile.
Iran,Tehran,Everyone knows that the capital of Iran is Tehran.
Mexico,Mexico City,The country Mexico has its capital in Mexico City.
South Africa,Pretoria,The main capital city of South Africa is Pretoria.
Iran,Tehran,The city of Tehran serves as the capital of Iran.
Oman,Muscat,The main capital city of Oman is Muscat.
Australia,Canberra,The capital of Australia is Canberra.
Denmark,Copenhagen,The country Denmark has its capital in Copenhagen.
Switzerland,Bern,Bern is the capital of Switzerland.
Ghana,Accra,The capital of Ghana is Accra.
Thailand,Bangkok,The city of Bangkok serves as the capital of Thailand.
Netherlands,Amsterdam,Amsterdam is located in Netherlands and it is the capital.
Spain,Madrid,Madrid is the capital of Spain.
Saudi Arabia,Riyadh,The city of Riyadh serves as the capital of Saudi Arabia.
Czech Republic,Prague,The city of Prague serves as the capital of Czech Republic.
Nigeria,Abuja,The country Nigeria has its capital in Abuja.
Russia,Moscow,Everyone knows that the capital of Russia is Moscow.
Germany,Berlin,Berlin is located in Germany and it is the capital.
Russia,Moscow,Everyone knows that the capital of Russia is Moscow.
Algeria,Algiers,Algeria has a capital called Algiers.
Ireland,Dublin,Dublin is located in Ireland and it is the capital.
Chile,Santiago,Santiago is located in Chile and it is the capital.
Peru,Lima,The city of Lima serves as the capital of Peru.
Sweden,Stockholm,The capital of Sweden is Stockholm.
Sweden,Stockholm,The country Sweden has its capital in Stockholm.
Japan,Tokyo,Tokyo is known as the capital city of Japan.
Greece,Athens,Greece has a capital called Athens.
Peru,Lima,"In Peru, the capital city is Lima."
Argentina,Buenos Aires,The main capital city of Argentina is Buenos Aires.
Portugal,Lisbon,The capital of Portugal is Lisbon.
Finland,Helsinki,Helsinki is the capital of Finland.
Thailand,Bangkok,"In Thailand, the capital city is Bangkok."
Kenya,Nairobi,"In Kenya, the capital city is Nairobi."
Ethiopia,Addis Ababa,"In Ethiopia, the capital city is Addis Ababa."
United Arab Emirates,Abu Dhabi,United Arab Emirates has a capital called Abu Dhabi.
Netherlands,Amsterdam,Everyone knows that the capital of Netherlands is Amsterdam.
Saudi Arabia,Riyadh,Riyadh is located in Saudi Arabia and it is the capital.
Indonesia,Jakarta,Jakarta is known as the capital city of Indonesia.
Brazil,Brasilia,The main capital city of Brazil is Brasilia.
Colombia,Bogota,Colombia has a capital called Bogota.
New Zealand,Wellington,Wellington is located in New Zealand and it is the capital.
Kuwait,Kuwait City,Kuwait has a capital called Kuwait City.
Germany,Berlin,The country Germany has its capital in Berlin.
Portugal,Lisbon,"In Portugal, the capital city is Lisbon."
Egypt,Cairo,The country Egypt has its capital in Cairo.
Indonesia,Jakarta,Indonesia has a capital called Jakarta.
India,New Delhi,The city of New Delhi serves as the capital of India.
Spain,Madrid,The city of Madrid serves as the capital of Spain.
Chile,Santiago,The capital of Chile is Santiago.
Egypt,Cairo,Cairo is known as the capital city of Egypt.
South Korea,Seoul,"In South Korea, the capital city is Seoul."
South Korea,Seoul,The main capital city of South Korea is Seoul.
Iran,Tehran,Tehran is known as the capital city of Iran.
Chile,Santiago,Everyone knows that the capital of Chile is Santiago.
Austria,Vienna,Vienna is the capital of Austria.
Brazil,Brasilia,Everyone knows that the capital of Brazil is Brasilia.
Germany,Berlin,The capital of Germany is Berlin.
Hungary,Budapest,Budapest is known as the capital city of Hungary.
Colombia,Bogota,The country Colombia has its capital in Bogota.
Ethiopia,Addis Ababa,The country Ethiopia has its capital in Addis Ababa.
South Africa,Pretoria,The capital of South Africa is Pretoria.
Belgium,Brussels,Brussels is the capital of Belgium.
Qatar,Doha,Qatar has a capital called Doha.
Switzerland,Bern,Bern is located in Switzerland and it is the capital.
Peru,Lima,Lima is located in Peru and it is the capital.
Ethiopia,Addis Ababa,Addis Ababa is the capital of Ethiopia.
Senegal,Dakar,"In Senegal, the capital city is Dakar."
Algeria,Algiers,The main capital city of Algeria is Algiers.
Ghana,Accra,Accra is known as the capital city of Ghana.
Czech Republic,Prague,The main capital city of Czech Republic is Prague.
Ireland,Dublin,Dublin is known as the capital city of Ireland.
Finland,Helsinki,"In Finland, the capital city is Helsinki."
Colombia,Bogota,Bogota is known as the capital city of Colombia.
Turkey,Ankara,Ankara is the capital of Turkey.
Ghana,Accra,Everyone knows that the capital of Ghana is Accra.
Thailand,Bangkok,The city of Bangkok serves as the capital of Thailand.
Germany,Berlin,Everyone knows that the capital of Germany is Berlin.
Tunisia,Tunis,The city of Tunis serves as the capital of Tunisia.
Iran,Tehran,The capital of Iran is Tehran.
Venezuela,Caracas,Everyone knows that the capital of Venezuela is Caracas.
Kenya,Nairobi,Nairobi is known as the capital city of Kenya.
Switzerland,Bern,The country Switzerland has its capital in Bern.
Oman,Muscat,The capital of Oman is Muscat.
China,Beijing,The main capital city of China is Beijing.
Italy,Rome,The city of Rome serves as the capital of Italy.
Oman,Muscat,Muscat is known as the capital city of Oman.
Senegal,Dakar,The capital of Senegal is Dakar.
Senegal,Dakar,The country Senegal has its capital in Dakar.
Ireland,Dublin,The country Ireland has its capital in Dublin.
Sweden,Stockholm,The country Sweden has its capital in Stockholm.
Ghana,Accra,Ghana has a capital called Accra.
Netherlands,Amsterdam,The capital of Netherlands is Amsterdam.
Denmark,Copenhagen,Copenhagen is known as the capital city of Denmark.
India,New Delhi,Everyone knows that the capital of India is New Delhi.
Indonesia,Jakarta,The city of Jakarta serves as the capital of Indonesia.
Turkey,Ankara,The main capital city of Turkey is Ankara.
Senegal,Dakar,Everyone knows that the capital of Senegal is Dakar.
Germany,Berlin,Berlin is the capital of Germany.
Finland,Helsinki,The city of Helsinki serves as the capital of Finland.
Mexico,Mexico City,The main capital city of Mexico is Mexico City.
Poland,Warsaw,Warsaw is known as the capital city of Poland.
Kenya,Nairobi,"In Kenya, the capital city is Nairobi."
South Korea,Seoul,The country South Korea has its capital in Seoul.
Libya,Tripoli,The capital of Libya is Tripoli.
New Zealand,Wellington,The country New Zealand has its capital in Wellington.
Finland,Helsinki,Helsinki is the capital of Finland.
Greece,Athens,Athens is known as the capital city of Greece.
India,New Delhi,The main capital city of India is New Delhi.
Turkey,Ankara,The main capital city of Turkey is Ankara.
Argentina,Buenos Aires,"In Argentina, the capital city is Buenos Aires."
Ireland,Dublin,The capital of Ireland is Dublin.
Norway,Oslo,Oslo is located in Norway and it is the capital.
South Africa,Pretoria,The country South Africa has its capital in Pretoria.
United Kingdom,London,The country United Kingdom has its capital in London.
Norway,Oslo,Norway has a capital called Oslo.
Ethiopia,Addis Ababa,Addis Ababa is the capital of Ethiopia.
Canada,Ottawa,Canada has a capital called Ottawa.
Ireland,Dublin,Dublin is known as the capital city of Ireland.
Ghana,Accra,"In Ghana, the capital city is Accra."
United States,Washington,Washington is known as the capital city of United States.
Italy,Rome,The city of Rome serves as the capital of Italy.
Kenya,Nairobi,Nairobi is the capital of Kenya.
Nigeria,Abuja,"In Nigeria, the capital city is Abuja."
Indonesia,Jakarta,Everyone knows that the capital of Indonesia is Jakarta.
Germany,Berlin,The capital of Germany is Berlin.
Finland,Helsinki,Everyone knows that the capital of Finland is Helsinki.
Australia,Canberra,Australia has a capital called Canberra.
Russia,Moscow,Moscow is the capital of Russia.
Italy,Rome,The main capital city of Italy is Rome.
Ghana,Accra,The capital of Ghana is Accra.
Greece,Athens,Everyone knows that the capital of Greece is Athens.
France,Paris,The main capital city of France is Paris.
United Kingdom,London,The city of London serves as the capital of United Kingdom.
South Africa,Pretoria,The city of Pretoria serves as the capital of South Africa.
India,New Delhi,"In India, the capital city is New Delhi."
United Kingdom,London,London is the capital of United Kingdom.
South Korea,Seoul,Everyone knows that the capital of South Korea is Seoul.
Indonesia,Jakarta,Indonesia has a capital called Jakarta.
Morocco,Rabat,Rabat is known as the capital city of Morocco.
Brazil,Brasilia,"In Brazil, the capital city is Brasilia."
Germany,Berlin,The capital of Germany is Berlin.
India,New Delhi,The city of New Delhi serves as the capital of India.
Kuwait,Kuwait City,"In Kuwait, the capital city is Kuwait City."
Indonesia,Jakarta,Jakarta is known as the capital city of Indonesia.
Peru,Lima,Everyone knows that the capital of Peru is Lima.
Senegal,Dakar,Dakar is located in Senegal and it is the capital.
Saudi Arabia,Riyadh,The city of Riyadh serves as the capital of Saudi Arabia.
United States,Washington,Washington is known as the capital city of United States.
Japan,Tokyo,"In Japan, the capital city is Tokyo."
Canada,Ottawa,The country Canada has its capital in Ottawa.
Indonesia,Jakarta,Indonesia has a capital called Jakarta.
Hungary,Budapest,The city of Budapest serves as the capital of Hungary.
Ireland,Dublin,The main capital city of Ireland is Dublin.
Portugal,Lisbon,"In Portugal, the capital city is Lisbon."
Nigeria,Abuja,"In Nigeria, the capital city is Abuja."
Greece,Athens,The city of Athens serves as the capital of Greece.
Saudi Arabia,Riyadh,The main capital city of Saudi Arabia is Riyadh.
Oman,Muscat,Muscat is the capital of Oman.
Iran,Tehran,Tehran is the capital of Iran.
Thailand,Bangkok,The city of Bangkok serves as the capital of Thailand.
Oman,Muscat,Everyone knows that the capital of Oman is Muscat.
Portugal,Lisbon,Lisbon is the capital of Portugal.
Germany,Berlin,Everyone knows that the capital of Germany is Berlin.
Libya,Tripoli,The city of Tripoli serves as the capital of Libya.
Australia,Canberra,Canberra is known as the capital city of Australia.
Canada,Ottawa,Everyone knows that the capital of Canada is Ottawa.
Netherlands,Amsterdam,The country Netherlands has its capital in Amsterdam.
Hungary,Budapest,The main capital city of Hungary is Budapest.
Portugal,Lisbon,The capital of Portugal is Lisbon.
Indonesia,Jakarta,The city of Jakarta serves as the capital of Indonesia.
Thailand,Bangkok,The capital of Thailand is Bangkok.
Nigeria,Abuja,Everyone knows that the capital of Nigeria is Abuja.
Iran,Tehran,"In Iran, the capital city is Tehran."
Canada,Ottawa,The main capital city of Canada is Ottawa.
Czech Republic,Prague,"In Czech Republic, the capital city is Prague."
Sweden,Stockholm,The main capital city of Sweden is Stockholm.
Netherlands,Amsterdam,"In Netherlands, the capital city is Amsterdam."
Turkey,Ankara,Everyone knows that the capital of Turkey is Ankara.
Sweden,Stockholm,Stockholm is the capital of Sweden.
Belgium,Brussels,Brussels is located in Belgium and it is the capital.
Turkey,Ankara,The main capital city of Turkey is Ankara.
Switzerland,Bern,The main capital city of Switzerland is Bern.
Norway,Oslo,The main capital city of Norway is Oslo.
Tunisia,Tunis,"In Tunisia, the capital city is Tunis."
Denmark,Copenhagen,The main capital city of Denmark is Copenhagen.
Norway,Oslo,Everyone knows that the capital of Norway is Oslo.
Ethiopia,Addis Ababa,"In Ethiopia, the capital city is Addis Ababa."
Russia,Moscow,Moscow is located in Russia and it is the capital.
Venezuela,Caracas,"In Venezuela, the capital city is Caracas."
Italy,Rome,Italy has a capital called Rome.
Ghana,Accra,The main capital city of Ghana is Accra.
South Korea,Seoul,The main capital city of South Korea is Seoul.
Belgium,Brussels,Brussels is known as the capital city of Belgium.
Morocco,Rabat,The capital of Morocco is Rabat.
India,New Delhi,New Delhi is known as the capital city of India.
Norway,Oslo,Oslo is the capital of Norway.
Kuwait,Kuwait City,The city of Kuwait City serves as the capital of Kuwait.
Sweden,Stockholm,The main capital city of Sweden is Stockholm.
Kuwait,Kuwait City,Kuwait City is known as the capital city of Kuwait.
South Africa,Pretoria,The main capital city of South Africa is Pretoria.
Belgium,Brussels,Brussels is the capital of Belgium.
South Korea,Seoul,"In South Korea, the capital city is Seoul."
Algeria,Algiers,Algiers is located in Algeria and it is the capital.
Russia,Moscow,Moscow is located in Russia and it is the capital.
Thailand,Bangkok,Bangkok is located in Thailand and it is the capital.
New Zealand,Wellington,The main capital city of New Zealand is Wellington.
Italy,Rome,"In Italy, the capital city is Rome."
Oman,Muscat,Muscat is known as the capital city of Oman.
Japan,Tokyo,Everyone knows that the capital of Japan is Tokyo.
Sweden,Stockholm,Sweden has a capital called Stockholm.
Hungary,Budapest,The city of Budapest serves as the capital of Hungary.
Sweden,Stockholm,Sweden has a capital called Stockholm.
Senegal,Dakar,The main capital city of Senegal is Dakar.
Belgium,Brussels,The country Belgium has its capital in Brussels.
Kenya,Nairobi,Nairobi is located in Kenya and it is the capital.
Egypt,Cairo,Cairo is located in Egypt and it is the capital.
United Kingdom,London,London is located in United Kingdom and it is the capital.
United Arab Emirates,Abu Dhabi,"In United Arab Emirates, the capital city is Abu Dhabi."
United Arab Emirates,Abu Dhabi,"In United Arab Emirates, the capital city is Abu Dhabi."
France,Paris,Everyone knows that the capital of France is Paris.
Mexico,Mexico City,The city of Mexico City serves as the capital of Mexico.
South Korea,Seoul,The city of Seoul serves as the capital of South Korea.
Switzerland,Bern,The country Switzerland has its capital in Bern.
United States,Washington,Washington is located in United States and it is the capital.
China,Beijing,China has a capital called Beijing.
Czech Republic,Prague,The capital of Czech Republic is Prague.
Nigeria,Abuja,Abuja is known as the capital city of Nigeria.
Sweden,Stockholm,The capital of Sweden is Stockholm.
Czech Republic,Prague,The country Czech Republic has its capital in Prague.
South Korea,Seoul,The city of Seoul serves as the capital of South Korea.
South Korea,Seoul,The country South Korea has its capital in Seoul.
Poland,Warsaw,"In Poland, the capital city is Warsaw."
Ireland,Dublin,Ireland has a capital called Dublin.
Brazil,Brasilia,The country Brazil has its capital in Brasilia.
Senegal,Dakar,Dakar is the capital of Senegal.
France,Paris,Paris is known as the capital city of France.
Kuwait,Kuwait City,The main capital city of Kuwait is Kuwait City.
Netherlands,Amsterdam,Amsterdam is located in Netherlands and it is the capital.
Russia,Moscow,The city of Moscow serves as the capital of Russia.
Ghana,Accra,"In Ghana, the capital city is Accra."
United States,Washington,The country United States has its capital in Washington.
Australia,Canberra,Everyone knows that the capital of Australia is Canberra.
Thailand,Bangkok,Everyone knows that the capital of Thailand is Bangkok.
South Africa,Pretoria,Pretoria is located in South Africa and it is the capital.
Japan,Tokyo,Everyone knows that the capital of Japan is Tokyo.
Spain,Madrid,Everyone knows that the capital of Spain is Madrid.
Colombia,Bogota,The capital of Colombia is Bogota.
Thailand,Bangkok,The capital of Thailand is Bangkok.
Czech Republic,Prague,"In Czech Republic, the capital city is Prague."
Sweden,Stockholm,Everyone knows that the capital of Sweden is Stockholm.
Senegal,Dakar,Everyone knows that the capital of Senegal is Dakar.
India,New Delhi,The capital of India is New Delhi.
Venezuela,Caracas,The capital of Venezuela is Caracas.
Saudi Arabia,Riyadh,Saudi Arabia has a capital called Riyadh.
Senegal,Dakar,Dakar is the capital of Senegal.
South Korea,Seoul,Seoul is known as the capital city of South Korea.
Oman,Muscat,Muscat is the capital of Oman.
Kenya,Nairobi,Nairobi is the capital of Kenya.
Hungary,Budapest,The country Hungary has its capital in Budapest.
Indonesia,Jakarta,"In Indonesia, the capital city is Jakarta."
Peru,Lima,Peru has a capital called Lima.
Tunisia,Tunis,The country Tunisia has its capital in Tunis.
Austria,Vienna,Vienna is located in Austria and it is the capital.
Switzerland,Bern,Everyone knows that the capital of Switzerland is Bern.
Algeria,Algiers,Algiers is the capital of Algeria.
Libya,Tripoli,The country Libya has its capital in Tripoli.
Greece,Athens,The capital of Greece is Athens.
Finland,Helsinki,The capital of Finland is Helsinki.
Kuwait,Kuwait City,Kuwait City is the capital of Kuwait.
United States,Washington,Everyone knows that the capital of United States is Washington.
New Zealand,Wellington,Everyone knows that the capital of New Zealand is Wellington.
Tunisia,Tunis,Tunis is the capital of Tunisia.
China,Beijing,Beijing is the capital of China.
Morocco,Rabat,"In Morocco, the capital city is Rabat."
Netherlands,Amsterdam,Amsterdam is known as the capital city of Netherlands.
Chile,Santiago,"In Chile, the capital city is Santiago."
United States,Washington,United States has a capital called Washington.
South Africa,Pretoria,The city of Pretoria serves as the capital of South Africa.
United Arab Emirates,Abu Dhabi,The main capital city of United Arab Emirates is Abu Dhabi.
Austria,Vienna,The capital of Austria is Vienna.
Norway,Oslo,"In Norway, the capital city is Oslo."
South Korea,Seoul,The main capital city of South Korea is Seoul.
United Arab Emirates,Abu Dhabi,The city of Abu Dhabi serves as the capital of United Arab Emirates.
Canada,Ottawa,The main capital city of Canada is Ottawa.
South Africa,Pretoria,Everyone knows that the capital of South Africa is Pretoria.
Germany,Berlin,The city of Berlin serves as the capital of Germany.
Thailand,Bangkok,Bangkok is known as the capital city of Thailand.
Russia,Moscow,The main capital city of Russia is Moscow.
Netherlands,Amsterdam,The city of Amsterdam serves as the capital of Netherlands.
Argentina,Buenos Aires,"In Argentina, the capital city is Buenos Aires."
Austria,Vienna,Vienna is located in Austria and it is the capital.
Kuwait,Kuwait City,"In Kuwait, the capital city is Kuwait City."
Peru,Lima,The city of Lima serves as the capital of Peru.
Austria,Vienna,Everyone knows that the capital of Austria is Vienna.
Indonesia,Jakarta,The main capital city of Indonesia is Jakarta.
Qatar,Doha,The main capital city of Qatar is Doha.
Tunisia,Tunis,The capital of Tunisia is Tunis.
Egypt,Cairo,Cairo is known as the capital city of Egypt.
United States,Washington,United States has a capital called Washington.
Norway,Oslo,Norway has a capital called Oslo.
Libya,Tripoli,Tripoli is located in Libya and it is the capital.
Colombia,Bogota,Everyone knows that the capital of Colombia is Bogota.
Peru,Lima,Peru has a capital called Lima.
Argentina,Buenos Aires,Buenos Aires is located in Argentina and it is the capital.
Portugal,Lisbon,The city of Lisbon serves as the capital of Portugal.
Morocco,Rabat,"In Morocco, the capital city is Rabat."
Brazil,Brasilia,Brasilia is known as the capital city of Brazil.
Thailand,Bangkok,Everyone knows that the capital of Thailand is Bangkok.
Germany,Berlin,The main capital city of Germany is Berlin.
Kenya,Nairobi,Nairobi is located in Kenya and it is the capital.
Brazil,Brasilia,Brasilia is the capital of Brazil.
Belgium,Brussels,Everyone knows that the capital of Belgium is Brussels.
Saudi Arabia,Riyadh,Everyone knows that the capital of Saudi Arabia is Riyadh.
United Kingdom,London,The country United Kingdom has its capital in London.
Qatar,Doha,Doha is the capital of Qatar.
Senegal,Dakar,The capital of Senegal is Dakar.
China,Beijing,Everyone knows that the capital of China is Beijing.
China,Beijing,China has a capital called Beijing.
Canada,Ottawa,The country Canada has its capital in Ottawa.
Ethiopia,Addis Ababa,Addis Ababa is the capital of Ethiopia.
Italy,Rome,"In Italy, the capital city is Rome."
Australia,Canberra,The capital of Australia is Canberra.
Russia,Moscow,Everyone knows that the capital of Russia is Moscow.
Netherlands,Amsterdam,Amsterdam is the capital of Netherlands.
Colombia,Bogota,The city of Bogota serves as the capital of Colombia.
Norway,Oslo,Norway has a capital called Oslo.
Brazil,Brasilia,Brasilia is known as the capital city of Brazil.
Sweden,Stockholm,The main capital city of Sweden is Stockholm.
South Africa,Pretoria,The main capital city of South Africa is Pretoria.
Finland,Helsinki,Helsinki is located in Finland and it is the capital.
Senegal,Dakar,Senegal has a capital called Dakar.
Greece,Athens,Greece has a capital called Athens.
Colombia,Bogota,Bogota is the capital of Colombia.
Canada,Ottawa,"In Canada, the capital city is Ottawa."
Senegal,Dakar,Senegal has a capital called Dakar.
Switzerland,Bern,The capital of Switzerland is Bern.
Peru,Lima,Everyone knows that the capital of Peru is Lima.
Kenya,Nairobi,"In Kenya, the capital city is Nairobi."
Russia,Moscow,Moscow is known as the capital city of Russia.
France,Paris,The city of Paris serves as the capital of France.
Morocco,Rabat,The city of Rabat serves as the capital of Morocco.
Hungary,Budapest,Budapest is the capital of Hungary.
Ghana,Accra,Everyone knows that the capital of Ghana is Accra.
Australia,Canberra,"In Australia, the capital city is Canberra."
Peru,Lima,The main capital city of Peru is Lima.
Czech Republic,Prague,Czech Republic has a capital called Prague.
Norway,Oslo,The main capital city of Norway is Oslo.
Ireland,Dublin,Everyone knows that the capital of Ireland is Dublin.
India,New Delhi,India has a capital called New Delhi.
France,Paris,Paris is the capital of France.
Canada,Ottawa,Ottawa is located in Canada and it is the capital.
Qatar,Doha,Qatar has a capital called Doha.
Ireland,Dublin,Dublin is located in Ireland and it is the capital.
Chile,Santiago,Chile has a capital called Santiago.
Italy,Rome,Rome is known as the capital city of Italy.
Colombia,Bogota,Colombia has a capital called Bogota.
Austria,Vienna,The main capital city of Austria is Vienna.
Switzerland,Bern,The city of Bern serves as the capital of Switzerland.
Oman,Muscat,Everyone knows that the capital of Oman is Muscat.
Ethiopia,Addis Ababa,"In Ethiopia, the capital city is Addis Ababa."
Hungary,Budapest,The main capital city of Hungary is Budapest.
Thailand,Bangkok,Everyone knows that the capital of Thailand is Bangkok.
Turkey,Ankara,The capital of Turkey is Ankara.
Chile,Santiago,Santiago is the capital of Chile.
New Zealand,Wellington,Wellington is located in New Zealand and it is the capital.
Greece,Athens,"In Greece, the capital city is Athens."
Switzerland,Bern,The city of Bern serves as the capital of Switzerland.
Switzerland,Bern,Everyone knows that the capital of Switzerland is Bern.
China,Beijing,The country China has its capital in Beijing.
Italy,Rome,Rome is known as the capital city of Italy.
Turkey,Ankara,Turkey has a capital called Ankara.
United Arab Emirates,Abu Dhabi,Abu Dhabi is the capital of United Arab Emirates.
Austria,Vienna,"In Austria, the capital city is Vienna."
Sweden,Stockholm,The main capital city of Sweden is Stockholm.
Brazil,Brasilia,"In Brazil, the capital city is Brasilia."
New Zealand,Wellington,Everyone knows that the capital of New Zealand is Wellington.
Spain,Madrid,The main capital city of Spain is Madrid.
Turkey,Ankara,Ankara is known as the capital city of Turkey.
Ghana,Accra,"In Ghana, the capital city is Accra."
Norway,Oslo,The main capital city of Norway is Oslo.
Kenya,Nairobi,The main capital city of Kenya is Nairobi.
Nigeria,Abuja,Everyone knows that the capital of Nigeria is Abuja.
Poland,Warsaw,The capital of Poland is Warsaw.
New Zealand,Wellington,The country New Zealand has its capital in Wellington.
Egypt,Cairo,Everyone knows that the capital of Egypt is Cairo.
Libya,Tripoli,The capital of Libya is Tripoli.
Greece,Athens,The main capital city of Greece is Athens.
Portugal,Lisbon,Lisbon is the capital of Portugal.
Italy,Rome,Italy has a capital called Rome.
Colombia,Bogota,Colombia has a capital called Bogota.
Switzerland,Bern,Everyone knows that the capital of Switzerland is Bern.
Ethiopia,Addis Ababa,Everyone knows that the capital of Ethiopia is Addis Ababa.
Senegal,Dakar,The country Senegal has its capital in Dakar.
Turkey,Ankara,"In Turkey, the capital city is Ankara."
Saudi Arabia,Riyadh,Everyone knows that the capital of Saudi Arabia is Riyadh.
Turkey,Ankara,The capital of Turkey is Ankara.
Algeria,Algiers,Algiers is the capital of Algeria.
Nigeria,Abuja,Everyone knows that the capital of Nigeria is Abuja.
Tunisia,Tunis,Tunis is the capital of Tunisia.
Morocco,Rabat,Rabat is located in Morocco and it is the capital.
Hungary,Budapest,The city of Budapest serves as the capital of Hungary.
Denmark,Copenhagen,Copenhagen is the capital of Denmark.
United States,Washington,The country United States has its capital in Washington.
South Africa,Pretoria,Everyone knows that the capital of South Africa is Pretoria.
Hungary,Budapest,The capital of Hungary is Budapest.
Saudi Arabia,Riyadh,Riyadh is located in Saudi Arabia and it is the capital.
Australia,Canberra,Everyone knows that the capital of Australia is Canberra.
United Kingdom,London,"In United Kingdom, the capital city is London."
China,Beijing,"In China, the capital city is Beijing."
Egypt,Cairo,Cairo is the capital of Egypt.
United States,Washington,The country United States has its capital in Washington.
Portugal,Lisbon,Lisbon is the capital of Portugal.
Venezuela,Caracas,Caracas is known as the capital city of Venezuela.
Chile,Santiago,Everyone knows that the capital of Chile is Santiago.
Qatar,Doha,The country Qatar has its capital in Doha.
Czech Republic,Prague,The main capital city of Czech Republic is Prague.
Finland,Helsinki,Everyone knows that the capital of Finland is Helsinki.
New Zealand,Wellington,The capital of New Zealand is Wellington.
Australia,Canberra,Canberra is the capital of Australia.
China,Beijing,Everyone knows that the capital of China is Beijing.
United States,Washington,The country United States has its capital in Washington.
Czech Republic,Prague,The main capital city of Czech Republic is Prague.
Ghana,Accra,The capital of Ghana is Accra.
Ethiopia,Addis Ababa,Ethiopia has a capital called Addis Ababa.
Venezuela,Caracas,The capital of Venezuela is Caracas.
Brazil,Brasilia,The capital of Brazil is Brasilia.
Oman,Muscat,Muscat is known as the capital city of Oman.
Kenya,Nairobi,Nairobi is located in Kenya and it is the capital.
Hungary,Budapest,The main capital city of Hungary is Budapest.
Italy,Rome,Rome is located in Italy and it is the capital.
Thailand,Bangkok,The city of Bangkok serves as the capital of Thailand.
Oman,Muscat,"In Oman, the capital city is Muscat."
Italy,Rome,Rome is known as the capital city of Italy.
Hungary,Budapest,Everyone knows that the capital of Hungary is Budapest.
Oman,Muscat,The main capital city of Oman is Muscat.
Australia,Canberra,The city of Canberra serves as the capital of Australia.
Poland,Warsaw,Warsaw is the capital of Poland.
United States,Washington,"In United States, the capital city is Washington."
New Zealand,Wellington,"In New Zealand, the capital city is Wellington."
South Africa,Pretoria,Pretoria is known as the capital city of South Africa.
Poland,Warsaw,"In Poland, the capital city is Warsaw."
Kenya,Nairobi,Nairobi is the capital of Kenya.
Argentina,Buenos Aires,Buenos Aires is the capital of Argentina.
Kenya,Nairobi,The city of Nairobi serves as the capital of Kenya.
Czech Republic,Prague,Everyone knows that the capital of Czech Republic is Prague.
Japan,Tokyo,The capital of Japan is Tokyo.
Germany,Berlin,Berlin is located in Germany and it is the capital.
South Korea,Seoul,The country South Korea has its capital in Seoul.
Finland,Helsinki,The main capital city of Finland is Helsinki.
United States,Washington,The country United States has its capital in Washington.
Tunisia,Tunis,"In Tunisia, the capital city is Tunis."
Saudi Arabia,Riyadh,Riyadh is the capital of Saudi Arabia.
Czech Republic,Prague,The city of Prague serves as the capital of Czech Republic.
Spain,Madrid,The capital of Spain is Madrid.
Finland,Helsinki,"In Finland, the capital city is Helsinki."
Greece,Athens,"In Greece, the capital city is Athens."
Kenya,Nairobi,The main capital city of Kenya is Nairobi.
Canada,Ottawa,Ottawa is known as the capital city of Canada.
Finland,Helsinki,Helsinki is known as the capital city of Finland.
Indonesia,Jakarta,Jakarta is the capital of Indonesia.
Italy,Rome,Rome is known as the capital city of Italy.
Portugal,Lisbon,The city of Lisbon serves as the capital of Portugal.
Qatar,Doha,The city of Doha serves as the capital of Qatar.
Venezuela,Caracas,Caracas is known as the capital city of Venezuela.
Colombia,Bogota,Bogota is the capital of Colombia.
South Korea,Seoul,The capital of South Korea is Seoul.
Sweden,Stockholm,Stockholm is located in Sweden and it is the capital.
Hungary,Budapest,The main capital city of Hungary is Budapest.
Czech Republic,Prague,Everyone knows that the capital of Czech Republic is Prague.
Thailand,Bangkok,"In Thailand, the capital city is Bangkok."
Portugal,Lisbon,Everyone knows that the capital of Portugal is Lisbon.
Norway,Oslo,Oslo is located in Norway and it is the capital.
United Arab Emirates,Abu Dhabi,United Arab Emirates has a capital called Abu Dhabi.
Denmark,Copenhagen,Copenhagen is located in Denmark and it is the capital.
Libya,Tripoli,The capital of Libya is Tripoli.
Thailand,Bangkok,Bangkok is the capital of Thailand.
Peru,Lima,Peru has a capital called Lima.
Australia,Canberra,Canberra is located in Australia and it is the capital.
Ireland,Dublin,Dublin is the capital of Ireland.
Turkey,Ankara,Everyone knows that the capital of Turkey is Ankara.
Mexico,Mexico City,"In Mexico, the capital city is Mexico City."
Ireland,Dublin,The country Ireland has its capital in Dublin.
United Arab Emirates,Abu Dhabi,Abu Dhabi is known as the capital city of United Arab Emirates.
Czech Republic,Prague,The capital of Czech Republic is Prague.
Switzerland,Bern,Everyone knows that the capital of Switzerland is Bern.
Ghana,Accra,Accra is known as the capital city of Ghana.
Germany,Berlin,Everyone knows that the capital of Germany is Berlin.
Sweden,Stockholm,Sweden has a capital called Stockholm.
Portugal,Lisbon,The main capital city of Portugal is Lisbon.
Austria,Vienna,Austria has a capital called Vienna.
Ghana,Accra,The country Ghana has its capital in Accra.
Australia,Canberra,Canberra is the capital of Australia.
Nigeria,Abuja,The city of Abuja serves as the capital of Nigeria.
Portugal,Lisbon,The main capital city of Portugal is Lisbon.
Portugal,Lisbon,Lisbon is located in Portugal and it is the capital.
Japan,Tokyo,Tokyo is the capital of Japan.
Chile,Santiago,Santiago is located in Chile and it is the capital.
Indonesia,Jakarta,Jakarta is known as the capital city of Indonesia.
Hungary,Budapest,Everyone knows that the capital of Hungary is Budapest.
Tunisia,Tunis,The capital of Tunisia is Tunis.
Tunisia,Tunis,Tunis is the capital of Tunisia.
Netherlands,Amsterdam,Amsterdam is the capital of Netherlands.
Brazil,Brasilia,The capital of Brazil is Brasilia.
Netherlands,Amsterdam,The city of Amsterdam serves as the capital of Netherlands.
Spain,Madrid,The city of Madrid serves as the capital of Spain.
Switzerland,Bern,Everyone knows that the capital of Switzerland is Bern.
France,Paris,The city of Paris serves as the capital of France.
Norway,Oslo,The main capital city of Norway is Oslo.
Czech Republic,Prague,Everyone knows that the capital of Czech Republic is Prague.
Turkey,Ankara,Turkey has a capital called Ankara.
Czech Republic,Prague,Prague is known as the capital city of Czech Republic.
Oman,Muscat,Everyone knows that the capital of Oman is Muscat.
Italy,Rome,Italy has a capital called Rome.
Turkey,Ankara,"In Turkey, the capital city is Ankara."
Japan,Tokyo,Tokyo is known as the capital city of Japan.
Hungary,Budapest,The capital of Hungary is Budapest.
Indonesia,Jakarta,"In Indonesia, the capital city is Jakarta."
Sweden,Stockholm,"In Sweden, the capital city is Stockholm."
Saudi Arabia,Riyadh,Everyone knows that the capital of Saudi Arabia is Riyadh.
Brazil,Brasilia,Brasilia is known as the capital city of Brazil.
China,Beijing,China has a capital called Beijing.
Peru,Lima,The country Peru has its capital in Lima.
Peru,Lima,The capital of Peru is Lima.
Greece,Athens,Everyone knows that the capital of Greece is Athens.
Ireland,Dublin,The main capital city of Ireland is Dublin.
France,Paris,The country France has its capital in Paris.
United Kingdom,London,Everyone knows that the capital of United Kingdom is London.
Algeria,Algiers,The city of Algiers serves as the capital of Algeria.
Canada,Ottawa,"In Canada, the capital city is Ottawa."
France,Paris,Paris is known as the capital city of France.
South Africa,Pretoria,Pretoria is located in South Africa and it is the capital.
Norway,Oslo,Oslo is located in Norway and it is the capital.
Peru,Lima,Everyone knows that the capital of Peru is Lima.
Switzerland,Bern,"In Switzerland, the capital city is Bern."
Chile,Santiago,The capital of Chile is Santiago.
Brazil,Brasilia,"In Brazil, the capital city is Brasilia."
Italy,Rome,Rome is known as the capital city of Italy.
Sweden,Stockholm,The country Sweden has its capital in Stockholm.
Portugal,Lisbon,Lisbon is known as the capital city of Portugal.
Canada,Ottawa,Ottawa is the capital of Canada.
Portugal,Lisbon,The main capital city of Portugal is Lisbon.
Austria,Vienna,The country Austria has its capital in Vienna.
Algeria,Algiers,The capital of Algeria is Algiers.
Qatar,Doha,The main capital city of Qatar is Doha.
Mexico,Mexico City,Mexico City is known as the capital city of Mexico.
Kenya,Nairobi,"In Kenya, the capital city is Nairobi."
Ireland,Dublin,Everyone knows that the capital of Ireland is Dublin.
Poland,Warsaw,"In Poland, the capital city is Warsaw."
Spain,Madrid,The country Spain has its capital in Madrid.
China,Beijing,The main capital city of China is Beijing.
New Zealand,Wellington,The capital of New Zealand is Wellington.
Kenya,Nairobi,"In Kenya, the capital city is Nairobi."
Algeria,Algiers,"In Algeria, the capital city is Algiers."
Iran,Tehran,The capital of Iran is Tehran.
Senegal,Dakar,Dakar is the capital of Senegal.
Venezuela,Caracas,Caracas is known as the capital city of Venezuela.
Saudi Arabia,Riyadh,Everyone knows that the capital of Saudi Arabia is Riyadh.
Hungary,Budapest,The country Hungary has its capital in Budapest.
Portugal,Lisbon,Lisbon is the capital of Portugal.
Senegal,Dakar,Dakar is the capital of Senegal.
Argentina,Buenos Aires,The country Argentina has its capital in Buenos Aires.
Colombia,Bogota,Bogota is the capital of Colombia.
Libya,Tripoli,The capital of Libya is Tripoli.
China,Beijing,The city of Beijing serves as the capital of China.
Qatar,Doha,Everyone knows that the capital of Qatar is Doha.
Russia,Moscow,Moscow is known as the capital city of Russia.
Brazil,Brasilia,Everyone knows that the capital of Brazil is Brasilia.
South Korea,Seoul,"In South Korea, the capital city is Seoul."
Greece,Athens,Athens is the capital of Greece.
South Korea,Seoul,"In South Korea, the capital city is Seoul."
Russia,Moscow,The capital of Russia is Moscow.
China,Beijing,China has a capital called Beijing.
Denmark,Copenhagen,"In Denmark, the capital city is Copenhagen."
Ireland,Dublin,Dublin is known as the capital city of Ireland.
South Africa,Pretoria,Everyone knows that the capital of South Africa is Pretoria.
Morocco,Rabat,The country Morocco has its capital in Rabat.
Morocco,Rabat,Everyone knows that the capital of Morocco is Rabat.
Spain,Madrid,The city of Madrid serves as the capital of Spain.
France,Paris,The country France has its capital in Paris.
United States,Washington,Everyone knows that the capital of United States is Washington.
Libya,Tripoli,The country Libya has its capital in Tripoli.
Oman,Muscat,Muscat is located in Oman and it is the capital.
Indonesia,Jakarta,Jakarta is located in Indonesia and it is the capital.
Chile,Santiago,"In Chile, the capital city is Santiago."
Indonesia,Jakarta,Indonesia has a capital called Jakarta.
New Zealand,Wellington,Wellington is located in New Zealand and it is the capital.
Denmark,Copenhagen,Copenhagen is the capital of Denmark.
Hungary,Budapest,"In Hungary, the capital city is Budapest."
Kenya,Nairobi,Everyone knows that the capital of Kenya is Nairobi.
Algeria,Algiers,The city of Algiers serves as the capital of Algeria.
United Kingdom,London,The main capital city of United Kingdom is London.
Norway,Oslo,Oslo is the capital of Norway.
Chile,Santiago,Chile has a capital called Santiago.
India,New Delhi,Everyone knows that the capital of India is New Delhi.
New Zealand,Wellington,Wellington is known as the capital city of New Zealand.
Chile,Santiago,Everyone knows that the capital of Chile is Santiago.
United States,Washington,The city of Washington serves as the capital of United States.
Australia,Canberra,Canberra is the capital of Australia.
Australia,Canberra,The main capital city of Australia is Canberra.
Brazil,Brasilia,The capital of Brazil is Brasilia.
Egypt,Cairo,Egypt has a capital called Cairo.
Colombia,Bogota,Everyone knows that the capital of Colombia is Bogota.
South Africa,Pretoria,The country South Africa has its capital in Pretoria.
Brazil,Brasilia,Brasilia is located in Brazil and it is the capital.
Switzerland,Bern,The country Switzerland has its capital in Bern.
Belgium,Brussels,The capital of Belgium is Brussels.
Switzerland,Bern,The main capital city of Switzerland is Bern.
Morocco,Rabat,"In Morocco, the capital city is Rabat."
India,New Delhi,The capital of India is New Delhi.
Finland,Helsinki,Helsinki is the capital of Finland.
Sweden,Stockholm,The main capital city of Sweden is Stockholm.
Kuwait,Kuwait City,Kuwait City is located in Kuwait and it is the capital.
Russia,Moscow,Moscow is known as the capital city of Russia.
Ireland,Dublin,The country Ireland has its capital in Dublin.
United Kingdom,London,London is the capital of United Kingdom.
Norway,Oslo,Oslo is located in Norway and it is the capital.
Canada,Ottawa,The city of Ottawa serves as the capital of Canada.
Ghana,Accra,Accra is located in Ghana and it is the capital.
Kenya,Nairobi,Nairobi is the capital of Kenya.
Italy,Rome,"In Italy, the capital city is Rome."
Turkey,Ankara,Ankara is the capital of Turkey.
South Korea,Seoul,Seoul is known as the capital city of South Korea.
Italy,Rome,Rome is known as the capital city of Italy.
Netherlands,Amsterdam,Everyone knows that the capital of Netherlands is Amsterdam.
Iran,Tehran,Tehran is located in Iran and it is the capital.
Denmark,Copenhagen,The country Denmark has its capital in Copenhagen.
Kuwait,Kuwait City,The main capital city of Kuwait is Kuwait City.
Brazil,Brasilia,The city of Brasilia serves as the capital of Brazil.
Italy,Rome,The capital of Italy is Rome.
Finland,Helsinki,The city of Helsinki serves as the capital of Finland.
Canada,Ottawa,Everyone knows that the capital of Canada is Ottawa.
Norway,Oslo,"In Norway, the capital city is Oslo."
Brazil,Brasilia,Brasilia is the capital of Brazil.
Libya,Tripoli,The main capital city of Libya is Tripoli.
Australia,Canberra,Canberra is known as the capital city of Australia.
Austria,Vienna,Austria has a capital called Vienna.
South Africa,Pretoria,The capital of South Africa is Pretoria.
Netherlands,Amsterdam,Amsterdam is the capital of Netherlands.
Greece,Athens,The country Greece has its capital in Athens.
Hungary,Budapest,Budapest is located in Hungary and it is the capital.
Finland,Helsinki,Finland has a capital called Helsinki.
Japan,Tokyo,"In Japan, the capital city is Tokyo."
Argentina,Buenos Aires,Buenos Aires is known as the capital city of Argentina.
South Korea,Seoul,The main capital city of South Korea is Seoul.
Egypt,Cairo,"In Egypt, the capital city is Cairo."
Nigeria,Abuja,The main capital city of Nigeria is Abuja.
Kuwait,Kuwait City,Kuwait City is the capital of Kuwait.
Australia,Canberra,The city of Canberra serves as the capital of Australia.
Greece,Athens,Greece has a capital called Athens.
Kuwait,Kuwait City,Kuwait City is located in Kuwait and it is the capital.
Russia,Moscow,The country Russia has its capital in Moscow.
Ghana,Accra,The country Ghana has its capital in Accra.
Belgium,Brussels,The capital of Belgium is Brussels.
Chile,Santiago,Everyone knows that the capital of Chile is Santiago.
United Kingdom,London,The city of London serves as the capital of United Kingdom.
Qatar,Doha,Doha is the capital of Qatar.
Greece,Athens,The country Greece has its capital in Athens.
Australia,Canberra,Canberra is known as the capital city of Australia.
Algeria,Algiers,The capital of Algeria is Algiers.
Germany,Berlin,"In Germany, the capital city is Berlin."
Turkey,Ankara,Ankara is located in Turkey and it is the capital.
France,Paris,The capital of France is Paris.
Mexico,Mexico City,The main capital city of Mexico is Mexico City.
Czech Republic,Prague,The main capital city of Czech Republic is Prague.
Canada,Ottawa,Ottawa is located in Canada and it is the capital.
Iran,Tehran,Iran has a capital called Tehran.
Belgium,Brussels,The city of Brussels serves as the capital of Belgium.
Czech Republic,Prague,Prague is located in Czech Republic and it is the capital.
Senegal,Dakar,Everyone knows that the capital of Senegal is Dakar.
Saudi Arabia,Riyadh,Saudi Arabia has a capital called Riyadh.
Czech Republic,Prague,Prague is located in Czech Republic and it is the capital.
Switzerland,Bern,The main capital city of Switzerland is Bern.
United Kingdom,London,The capital of United Kingdom is London.
Greece,Athens,Athens is located in Greece and it is the capital.
Kenya,Nairobi,"In Kenya, the capital city is Nairobi."
Hungary,Budapest,Everyone knows that the capital of Hungary is Budapest.
United Kingdom,London,Everyone knows that the capital of United Kingdom is London.
Belgium,Brussels,Brussels is the capital of Belgium.
Netherlands,Amsterdam,Netherlands has a capital called Amsterdam.
Japan,Tokyo,The country Japan has its capital in Tokyo.
Greece,Athens,The main capital city of Greece is Athens.
Ireland,Dublin,Dublin is known as the capital city of Ireland.
Qatar,Doha,The country Qatar has its capital in Doha.
Ghana,Accra,Accra is known as the capital city of Ghana.
Morocco,Rabat,Rabat is the capital of Morocco.
Nigeria,Abuja,Nigeria has a capital called Abuja.
Germany,Berlin,The capital of Germany is Berlin.
Oman,Muscat,The main capital city of Oman is Muscat.
Greece,Athens,The capital of Greece is Athens.
Nigeria,Abuja,Everyone knows that the capital of Nigeria is Abuja.
Saudi Arabia,Riyadh,"In Saudi Arabia, the capital city is Riyadh."
Egypt,Cairo,Cairo is located in Egypt and it is the capital.
France,Paris,Paris is the capital of France.
Ethiopia,Addis Ababa,Addis Ababa is the capital of Ethiopia.
Turkey,Ankara,The main capital city of Turkey is Ankara.
Kuwait,Kuwait City,Kuwait City is located in Kuwait and it is the capital.
United Arab Emirates,Abu Dhabi,"In United Arab Emirates, the capital city is Abu Dhabi."
Turkey,Ankara,Turkey has a capital called Ankara.
United Kingdom,London,The main capital city of United Kingdom is London.
Finland,Helsinki,Helsinki is known as the capital city of Finland.
Ethiopia,Addis Ababa,"In Ethiopia, the capital city is Addis Ababa."
Chile,Santiago,The country Chile has its capital in Santiago.
Indonesia,Jakarta,The country Indonesia has its capital in Jakarta.
Australia,Canberra,The capital of Australia is Canberra.
United States,Washington,United States has a capital called Washington.
Ireland,Dublin,The main capital city of Ireland is Dublin.
Chile,Santiago,Everyone knows that the capital of Chile is Santiago.
Czech Republic,Prague,"In Czech Republic, the capital city is Prague."
Czech Republic,Prague,Everyone knows that the capital of Czech Republic is Prague.
Portugal,Lisbon,Lisbon is the capital of Portugal.
Netherlands,Amsterdam,Amsterdam is the capital of Netherlands.
Russia,Moscow,Everyone knows that the capital of Russia is Moscow.
Iran,Tehran,Tehran is located in Iran and it is the capital.
Portugal,Lisbon,Lisbon is known as the capital city of Portugal.
South Africa,Pretoria,The country South Africa has its capital in Pretoria.
Greece,Athens,The main capital city of Greece is Athens.
Ethiopia,Addis Ababa,"In Ethiopia, the capital city is Addis Ababa."
Ghana,Accra,The main capital city of Ghana is Accra.
Germany,Berlin,The capital of Germany is Berlin.
Colombia,Bogota,Colombia has a capital called Bogota.
France,Paris,"In France, the capital city is Paris."
Venezuela,Caracas,Caracas is the capital of Venezuela.
Colombia,Bogota,Bogota is known as the capital city of Colombia.
United Kingdom,London,The country United Kingdom has its capital in London.
Australia,Canberra,"In Australia, the capital city is Canberra."
